Ford,Puma,2015,119527061,55950,E-85/Gasoline,Automatic,RKHAYSLJTVMK58474
Xpeng,P5,2020,149540181,53342,Compressed Natural Gas,Automatic,PVMKZXMRSHPE59625
Fiat,Tipo,2017,114776059,43408,Gasoline,CVT,E5CPE7YNXY0E08122
Kia,EV6,2010,194094060,39554,Gasoline Hybrid,Automatic,DPM69YRGJM0379832
Tesla,Model,2016,154377113,34696,Compressed Natural Gas,Automatic,3ANJV6YWCP0P94446
Volvo,XC60,2011,139560542,10702,Electric,Manual,9XCZPPRGJ0PS61025
Renault,Megane,2018,115553574,18874,Gasoline Hybrid,CVT,SK5P1JJVY50P90253
Lincoln,MKZ,2013,185422089,45910,Diesel,Automatic,EPPJJJPV93XW81739
Toyota,Yaris,2011,194453703,19973,Diesel,Automanual,SNKTPYAPVLNY17234
Volkswagen,ID.4,2014,193379878,27718,Gasoline,CVT,7MPNPPPRKPVP35639
Tesla,Model,2013,198604402,52972,E-85/Gasoline,CVT,A5PLPPTPLJVJ09861
Peugeot,508,2017,151473989,20621,Gasoline,CVT,JP61BJYPTGPJ58714
BMW,X1,2011,101775386,52410,Electric,Automanual,5VP9XPDNFPAP70253
Seat,Ibiza,2011,170586626,45965,Diesel,Automanual,9HJTGPJZYPMX84773
Ford,Puma,2011,128547986,56924,E-85/Gasoline,Automatic,EPEP0LP1LLSM30307
Buick,Enclave,2019,124371371,45854,Gasoline,CVT,4PGKP4PJP30P26544
Mazda,CX-3,2013,107310144,41948,Gasoline,Manual,PPP0GHYAUAPL81663
Kia,Ceed,2020,197298428,42490,Compressed Natural Gas,CVT,M5PD1CWBPSKX53682
Audi,A5,2015,180307735,42308,Gasoline,Manual,MPNSPKLVLC0250394
Honda,CR-V,2016,181310234,31097,Diesel,Manual,MJDS094K0U0389849
Honda,Odyssey,2017,121847674,12568,Diesel,Manual,PPDPDSGT4RPL74567
Citroën,C5,2018,110102632,54929,Compressed Natural Gas,CVT,SEXTZLSD9AD266856
Dacia,Spring,2014,136253421,36343,Diesel,Automanual,HAPJNJPPP7PP13114
Ford,Mustang,2011,175175162,19671,Compressed Natural Gas,Automatic,DJG0J5ZRP1PE13632
Volvo,C40,2015,154503617,33660,Compressed Natural Gas,Automatic,HPF9M0JDUZPH44348
Renault,Captur,2016,197851823,47954,Compressed Natural Gas,Automatic,8PZNDHKJJPEP04434
BMW,M5,2010,176386083,21639,Diesel,Automanual,PNLTJGRPRMPK63192
Volvo,XC40,2015,166339633,39169,Diesel,Automatic,PPV2RLEM4JNB93106
Fiat,Tipo,2016,188780846,30059,Compressed Natural Gas,Automanual,KMFKP1DXJNMD61821
Skoda,Enyaq,2016,198918768,21780,Diesel,Automanual,P9SP2PHWK5TP26852
Nio,ES6,2018,187193329,30493,Gasoline Hybrid,Automatic,VMDCP5XKPPPP23767
Mercedes-Benz,A-Class,2015,194121047,10632,Diesel,CVT,1LL1DRMNH0CN91875
Dodge,Charger,2010,182319252,23872,Gasoline,Automanual,LPU1PXJ45BPP43260
Mazda,CX-5,2014,191419592,39106,Ethanol,Manual,TCG24U3EBGP910296
BMW,X5,2018,100590325,10367,Gasoline Hybrid,Manual,ULGLLCPL6C0M15498
Kia,Picanto,2010,119286822,36025,E-85/Gasoline,Automanual,PGN2EUFLFXCL76250
Kia,Niro,2018,110068080,32762,Compressed Natural Gas,Automanual,SP3DEMPW7PJP04538
Renault,Zoe,2015,131052782,49568,Compressed Natural Gas,Manual,W7PPX8P67PND27832
Citroën,C5,2013,173960894,19363,Gasoline Hybrid,Automatic,5BMNP8Z0VPNR83207
Renault,Twingo,2013,120254773,15862,Gasoline,Automatic,2X1EUPKHMLZD27827
Tesla,Model,2011,112384004,19154,Gasoline Hybrid,Automatic,T8543P9YLGDZ97154
Chevy,Malibu,2014,133281028,15394,Diesel,Manual,U08U7R4P5MPP51868
Ford,Fiesta,2013,173492877,25658,Gasoline Hybrid,Automatic,DYJPMB3MB60P35715
Volvo,C40,2017,169284070,48727,E-85/Gasoline,Manual,ZJJP2FXPM8RY30999
Citroën,C4,2015,187069376,27804,Compressed Natural Gas,CVT,LH8C63BXPPML84000
Skoda,Enyaq,2020,126835498,53861,Diesel,Manual,BLPR8EJZRZ0P02109
Renault,Zoe,2015,126247767,12091,Gasoline Hybrid,Automanual,W80H3PL7EM0P82786
Volkswagen,Polo,2012,192327326,52649,Diesel,Automatic,NVPE3AXG7P0E56562
Lincoln,Navigator,2014,142638306,56544,Gasoline Hybrid,Automatic,PEYK5H3HU8PP89005
Dodge,Ram,2013,191685333,38443,Gasoline,CVT,NUL30M347P0M40411
BMW,X1,2018,182959375,14738,Diesel,CVT,LPWRPH0GPMYS89502
Citroën,C4,2020,134163253,17720,Gasoline,CVT,PPPCLEDPCX0N10745
Ford,F150,2012,127545438,21800,Diesel,Manual,7JNPPKPPWASM94852
Fiat,Tipo,2020,185904735,34941,Gasoline,Manual,2WGPWFAT3PMU68660
Hyundai,Tucson,2020,139661603,18391,Gasoline,Automatic,Y62PRTKPMJJF02858
Chevy,Malibu,2014,191185326,16116,Electric,Automatic,P81P9WH03B0J60142
Kia,Picanto,2010,196406017,59910,Compressed Natural Gas,Automanual,KVKZ2N0XPJGN73846
Renault,Zoe,2020,138697184,27138,Electric,Automanual,Z3EVP9PZK0LD20958
Seat,Ibiza,2018,151083078,26349,Compressed Natural Gas,CVT,LMAMMMK3KNLF79707
Dodge,Ram,2016,121550377,25099,E-85/Gasoline,Automanual,K0T35LM3P3DN96220
Lincoln,Navigator,2016,156171218,40311,Gasoline,Automatic,SUJPP1ENSNP977731
Fiat,Panda,2019,166147133,34317,E-85/Gasoline,Automanual,MB16TH8HPJPW72907
BMW,X1,2011,187064174,24386,Compressed Natural Gas,Automatic,GPMPBK38NNLP28093
Volkswagen,ID.4,2018,122712342,55070,Gasoline Hybrid,CVT,X7P0P9ELP3TN48083
Toyota,Camry,2020,174576826,34533,Gasoline Hybrid,Automanual,MP7UDNN7N2G499231
Fiat,Tipo,2015,131313024,18576,Gasoline Hybrid,CVT,ZGGWMNSP5PPP71854
Lincoln,MKS,2012,120354334,30534,Gasoline,Automatic,LXMZPM7FPPPD91949
Peugeot,308,2019,198133933,59204,Compressed Natural Gas,CVT,PHRP5Y1XEMJP03968
Chevy,Silverado,2011,129295973,44833,Diesel,CVT,UPP3PFNPNSGH55828
BMW,X3,2019,194974056,23658,Gasoline,Manual,LJ6UPET2PPWT81084
Dodge,Ram,2012,156391142,21779,Electric,Manual,MPV8YREPTA0N53348
Lincoln,MKZ,2013,157519771,37714,Gasoline,Automatic,RYKN3P2PAPSP24346
Opel,Astra,2011,159292776,17022,Gasoline Hybrid,Manual,LEM5PP5P9YSA82271
Citroën,C4,2010,160512577,19769,Diesel,Automanual,3WJNRPZ7DMLL61616
BMW,X5,2017,113461032,30511,Diesel,Automatic,PPKPF7WV6AVD94920
Volvo,V90,2010,194846207,28557,Compressed Natural Gas,CVT,YELLNBPP41P219545
Chevy,Silverado,2019,172660389,43392,Ethanol,Manual,RD6VPNPYFPXL08370
Dodge,Charger,2020,185843702,38363,Ethanol,Automanual,T7BSUREJPUC618245
Fiat,500,2010,161428510,25099,Ethanol,Manual,YMHMT9ZPP7ET72526
Toyota,Camry,2017,128734613,41991,Diesel,Automanual,1PWYJRPGDPPF96428
Skoda,Fabia,2014,144318444,46537,Ethanol,Automanual,E8GULFB1GL0546484
Honda,Civic,2016,159566438,19291,E-85/Gasoline,Manual,NP4VJ1VHBPEL54590
Dacia,Sandero,2020,197572378,43617,Gasoline,Automatic,2KMF8XSKPDW705503
Ford,Focus,2019,181082162,36325,E-85/Gasoline,CVT,PPXAAPAP7PUP03729
Audi,A7,2010,153978596,37075,Diesel,Automatic,4CNV4NLPPPEL74165
Honda,Odyssey,2019,193162229,14248,E-85/Gasoline,Automatic,5PKEJN73PG0P66769
Dacia,Duster,2016,128441870,36286,Gasoline,Manual,G0VAPRVGJDGP95847
Dacia,Sandero,2018,180297585,52417,Electric,CVT,CKPJP4PMLZ0540079
Nio,ET7,2011,125536555,57238,Gasoline Hybrid,Automanual,PK5LNAPKP6J895974
Opel,Mokka,2016,199174500,23785,Gasoline Hybrid,Automatic,JPPLXPHM75ZB84105
Nio,ES6,2018,154740557,13596,Diesel,Automatic,LN3HXAE2WLBT16880
Audi,A7,2011,134598316,17787,Gasoline,Automatic,PK2PYPLPX3LL52728
Tesla,Model,2017,118772921,40523,Ethanol,Automanual,X404RPKKP30327030
Kia,Sportage,2014,101870818,58660,Electric,CVT,HADPRHGFAALP05681
Xpeng,P5,2010,185018768,11741,Electric,Manual,P5896PLPEDPP11595
Opel,Mokka,2012,189438255,52435,Ethanol,Manual,P5PWPJZFUPJZ45095
Citroën,C4,2017,171708555,32840,Ethanol,Manual,71BBA8PYJHUA87645
Nio,ES7,2017,132057188,38350,Gasoline,CVT,P1NNKNBMX1VJ67185
Ford,Focus,2012,105289789,31989,E-85/Gasoline,Manual,VBSSPNLLRPJ363254
Mazda,MX-5,2012,156773033,33294,E-85/Gasoline,Automanual,SHP12PEUNPU408402
BMW,328i,2012,166542718,44598,Ethanol,Manual,PVN1AP09GPNN55100
Seat,Ibiza,2010,145529651,13096,Electric,Automatic,UP1PPPLALP0P22644
Ford,F150,2011,138800357,23973,Compressed Natural Gas,Automatic,HYNVYM3RJ0RP50697
Chevy,Camero,2015,165536228,33268,Gasoline Hybrid,Manual,KZWMMCZPS30T41833
Citroën,C3,2018,182891386,15751,E-85/Gasoline,Automatic,PN4PFJF8NU0653241
Dacia,Duster,2013,102526405,38620,E-85/Gasoline,Automanual,SNUPXKGP1HZS50464
BMW,X3,2015,150095884,13843,Electric,CVT,5PLW2PSRGA0P59609
Mazda,BT-50,2013,127063222,52750,Electric,Automanual,UJJP0R0PPPP541678
Xpeng,P5,2014,126390225,19061,Compressed Natural Gas,CVT,KPK7MMKPPJHU48468
Citroën,C4,2017,186529230,52910,Gasoline Hybrid,Manual,7PP6ZSPYFNPM75124
Renault,Megane,2016,186483758,56577,Compressed Natural Gas,Automanual,X9YN1XPPPVJM13776
Renault,Clio,2017,190293048,24053,Gasoline Hybrid,Automatic,PF1ZRHNY86H998416
Volkswagen,ID.4,2019,199489255,12587,Compressed Natural Gas,Automanual,GTPP46UBTSLF18740
Tesla,Model,2011,117673624,49761,Electric,Automanual,UKFMN9WBALUE46894
Dacia,Sandero,2017,166599424,33408,Gasoline Hybrid,CVT,BPAJPPGP8WNG91140
Fiat,500,2016,197807415,49409,E-85/Gasoline,Manual,WA04N0XASEJP63888
Skoda,Kodiaq,2013,164051987,23044,Diesel,Automatic,P6GPHCPNJPTC85614
Skoda,Fabia,2019,120623504,21564,E-85/Gasoline,Automanual,D78PPZPGBFPJ65337
Hyundai,i20,2011,183133940,25399,E-85/Gasoline,CVT,S2H63GE8KZMM10205
Dacia,Sandero,2014,102588649,38088,Electric,Automanual,V88WNSJ9XL0P46875
Dodge,Challenger,2015,130172614,24544,Gasoline,Automanual,8PMBGMUA3PPP87703
Volkswagen,Polo,2020,142877218,21101,Gasoline Hybrid,CVT,6PPE6PGXKRLM75779
Buick,Encore,2016,162490368,27527,Gasoline Hybrid,Manual,HP5JWF96SWM576117
Nissan,Versa,2017,124123874,39845,Compressed Natural Gas,CVT,EPP036PCKMLX26249
Xpeng,G3i,2014,176744172,40723,Electric,Manual,KPYPLY6LSAPP35457
Mazda,CX-30,2011,192419271,27674,Gasoline Hybrid,CVT,JDWD9PLPEAYJ13003
Kia,EV6,2013,137876896,12663,Compressed Natural Gas,Manual,LJP1KRBDU7FY72404
Volkswagen,Polo,2012,136363847,14866,Electric,Automatic,VPRPCMBXLS0V11776
Opel,Astra,2014,163057552,39985,Diesel,CVT,PYPPPPHBPNFP21759
Dodge,Durango,2014,187381341,34402,Gasoline Hybrid,CVT,LC4HPP8PW3XU31346
Ford,F150,2010,156009243,50727,Electric,CVT,34PSTPEPELLN54707
Hyundai,Tucson,2019,139800130,29372,Electric,Automanual,1P3JHPYNUP0S66834
Hyundai,Tucson,2015,104339909,58795,Diesel,Automanual,TKB6APY05LPX75161
Lincoln,MKX,2011,137194936,35574,Diesel,Automatic,KUKHGMCF2J0V07453
Skoda,Kodiaq,2015,163774979,38278,Ethanol,Manual,3X9P0RW0PPX119967
Mercedes-Benz,B-Class,2014,157658551,26466,Gasoline Hybrid,CVT,L9P50UP4JUDK62543
Ford,Mustang,2019,189865153,32065,E-85/Gasoline,Manual,KWPC8VPRLHHV31457
Volkswagen,ID.3,2011,180024952,46172,Gasoline Hybrid,Manual,KWHUPHTEP30C41521
BMW,M3,2010,145474305,10756,Compressed Natural Gas,Automatic,7PPZV1MUPSU557718
Citroën,C5,2017,155450933,48105,Diesel,Automatic,NU0N6MT4UAPP19052
Fiat,Panda,2017,163495756,48759,Gasoline,Automatic,G2PKYMDY45LP52828
Volvo,S90,2013,108653338,26488,Diesel,Manual,G3P6VPP9CPB557300
Tesla,Model,2012,126091216,57065,E-85/Gasoline,Automatic,4Z4PVDK291P494691
Nio,ES7,2017,170369840,17822,Diesel,Manual,UCP5EXPHAR0P95016
Skoda,Fabia,2015,174566489,19142,Electric,Automanual,MVPTZPPPPRME67221
Ford,Puma,2017,121376338,43307,E-85/Gasoline,Manual,N5PVLWCW8SMN26249
Buick,Riveria,2011,160740488,26434,Gasoline Hybrid,Automatic,UPDSZP4TNU0N53659
Mercedes-Benz,A-Class,2015,140256110,39901,E-85/Gasoline,CVT,Y5KGMNPELYPM34958
Dacia,Sandero,2015,131664371,26860,Ethanol,CVT,1XYXVK3SKBPP52420
Ford,Focus,2016,182515353,29010,Gasoline Hybrid,Manual,GXA1RPPTXSSM50159
Mazda,MX-5,2010,175368989,43743,Compressed Natural Gas,Automanual,JBKG3U9NPLPG77215
Mercedes-Benz,B-Class,2017,150106816,59065,Compressed Natural Gas,CVT,7GRNKCPCXVC512720
Mercedes-Benz,E-Class,2017,166318940,18862,Diesel,Manual,335EJMZP7PBU28570
Xpeng,G3i,2020,186123523,30948,Ethanol,Automanual,PUPMJNAU8B0T63003
Dodge,Charger,2019,107915560,30149,Diesel,Automanual,WPMAXZYSVN0F85046
Nio,ES8,2015,153548276,56192,Ethanol,Manual,MC7NFPR1P8RC65473
Peugeot,308,2013,123718257,55342,Diesel,Automanual,9KPPPP7G6HEM12484
Audi,A5,2010,176783444,24904,Ethanol,Automanual,JSV78EXEHVP147266
Lincoln,MKS,2010,192951782,28918,E-85/Gasoline,Automanual,7PAJT0KPHJPE16477
Kia,EV6,2018,172389640,42454,Compressed Natural Gas,Manual,YGYJDC2PPGWP27839
Mazda,MX-5,2019,120110418,38425,Diesel,Automatic,SCE07166PN0K98848
Lincoln,MKX,2018,195450195,47374,Compressed Natural Gas,Manual,05CY4PPE3PPP73928
Audi,A5,2017,136496767,24458,Diesel,CVT,8J9PJ1PPPWMK51799
Volvo,XC40,2013,127769761,11597,Gasoline,Manual,MHFLNH7RRU0M96180
Dodge,Durango,2016,174587712,25038,Ethanol,Automanual,FPDHPCPG04PB94364
Honda,Civic,2018,162362207,24663,Gasoline Hybrid,Manual,V94JF028P2HM14441
Buick,Encore,2014,110731914,24340,Gasoline,Automatic,GFLRH9PJN3YD31647
Nio,EP9,2018,174992316,45243,Compressed Natural Gas,Manual,HPZ8TAZVRLLP38510
Mazda,CX-30,2015,183950023,27416,Compressed Natural Gas,CVT,8MRW0MUCF10215075
Kia,Ceed,2020,116020545,39703,Ethanol,Automanual,PC1XN5PM9DVP06036
Opel,Corsa,2020,102285262,32362,Ethanol,Manual,4FRCMPUH3M0F46594
Hyundai,IONIQ,2015,152486052,56041,E-85/Gasoline,Automanual,FGPSCZZDWDNK90246
Volkswagen,ID.4,2017,191990558,24748,Diesel,Automanual,646PMGH5HCAW20627
Buick,Encore,2016,183822402,33682,Electric,Automanual,PPGK5JKZ7Z0N47816
Opel,Mokka,2014,142797899,26733,Compressed Natural Gas,Automatic,J5BA6P2PP5XC94586
Hyundai,i20,2011,170592804,57384,Diesel,CVT,CEXLDNYKLUYJ91070
Dacia,Sandero,2011,161797324,33688,Gasoline Hybrid,Automanual,VPTBKJP1PWKW00975
Volvo,V90,2018,178395262,55974,Gasoline,Automanual,HBF5FJUPYRP200814
Dacia,Duster,2015,172565370,14134,Electric,Manual,ARAXFWPZ87NT16359
Tesla,Roadster,2018,133748479,20599,Electric,Automanual,NWDWBBK9P0EG45960
Chevy,Silverado,2011,151978892,59650,Diesel,Automatic,RPVE8EUPG0PS93455
Skoda,Fabia,2013,107349624,38603,Gasoline Hybrid,Manual,MMVVKPP96BMU49802
Nio,EC6,2013,129168082,31647,Compressed Natural Gas,CVT,385BN35M1MUT25529
Kia,Niro,2015,138988958,38389,E-85/Gasoline,Automanual,X7XJKPW8K2DE17537
Kia,Niro,2012,139150708,55528,Diesel,Manual,NPVMPPZTAVTN16381
Fiat,Tipo,2018,183815663,35806,Gasoline Hybrid,Automatic,51P1PGPLP3LK48818
Volkswagen,ID.4,2012,157926285,42836,Gasoline,Automanual,73FHAPXPJ1KY81478
Nissan,Cube,2017,142046729,38590,Gasoline,CVT,568UKJ53PZDD09661
Opel,Astra,2014,187298386,24587,Ethanol,Manual,4NPL9PPPLPHP18468
Buick,Riveria,2019,120846065,11000,Ethanol,Automanual,AP0SJPJS53MH82561
Audi,A8,2011,128061353,37117,Electric,Automatic,PJ37XHPMLVNP88730
Tesla,Roadster,2010,136887577,12692,Ethanol,CVT,L1SADPMTCDJG37618
Dacia,Duster,2019,114251863,58097,Gasoline,Manual,335JFB6P2D0P55298
Dodge,Durango,2011,103638830,22779,Gasoline Hybrid,Manual,XPPC8TSNNGD964489
Chevy,Malibu,2011,147993138,39170,Compressed Natural Gas,Manual,SBNGMYPPPA0872847
Xpeng,G9,2013,173426413,39963,Electric,CVT,EMLGMPCWPPGF18658
Citroën,C5,2020,115838201,41580,Compressed Natural Gas,Manual,PSGJDZVZVPPC82340
Toyota,Prius,2019,102312336,23179,E-85/Gasoline,Manual,GAPKPJTXPYJD37147
Toyota,Yaris,2017,125923520,16778,Diesel,CVT,XEPSPA6PRPEV45263
Skoda,Kodiaq,2010,147240603,52526,Compressed Natural Gas,Manual,JPGPSZPPP3HP70083
Renault,Megane,2011,191120147,57679,Gasoline,Manual,6389TEPRPAK930145
Xpeng,G9,2016,113182729,32542,Electric,Automatic,1HPR3MRHH80P26499
Skoda,Fabia,2018,143655484,55010,Compressed Natural Gas,CVT,PVL6MAJFPHHJ55288
Mazda,BT-50,2012,114436393,55491,Diesel,Automatic,9PPP8DJML4PB49374
Chevy,Malibu,2014,102842959,54229,Gasoline Hybrid,CVT,16FPCFPD1LCP99300
Buick,Enclave,2013,124899757,29670,Gasoline,Automanual,NEPMPPPMT0A058193
Lincoln,MKX,2012,158853352,16875,Gasoline Hybrid,CVT,6P5GUBML99P923172
Skoda,Octavia,2013,115343548,26044,Compressed Natural Gas,Automanual,PV00MJ9PPEKM74624
Volvo,S90,2016,101077958,19668,Diesel,Automanual,T4HL23PPPL0T76772
Opel,Astra,2019,196157442,54426,Diesel,Automanual,P8PD9Z35USAF03964
Citroën,C5,2017,162410400,41456,Gasoline Hybrid,Automatic,EJPEDXHH0PUP33071
Mercedes-Benz,B-Class,2018,152891664,19623,Electric,Automanual,PSMPUGJPTK0347959
Fiat,500,2017,199705318,38267,Ethanol,Automanual,PYPS9CPL2MPH43151
Renault,Twingo,2018,194916501,50976,Compressed Natural Gas,Automatic,BCPHJPE6660J37855
Honda,CR-V,2012,164812379,57837,Gasoline,Automanual,GATNMP29PJ0P18427
Lincoln,MKZ,2019,103432233,26905,Ethanol,CVT,VZ2JPFLE9WJB13194
Buick,Verano,2010,154621590,56644,Electric,CVT,JT029NPP6Z0739411
Hyundai,i30,2012,156575950,40803,E-85/Gasoline,Automanual,X1TGPC7AKPDC56490
Volvo,C40,2011,182090998,31399,Compressed Natural Gas,Automanual,6DKSZPKMMRGN01053
Xpeng,G9,2014,193057609,39780,Gasoline Hybrid,Automanual,HZKXNV2KPPEM35846
Buick,Encore,2011,126910102,50026,E-85/Gasoline,Manual,BT67CS7VKFVH35989
Nissan,Juke,2020,153701637,53167,Ethanol,Manual,DPLPNPUP9RSB56127
Honda,Civic,2013,179487026,30340,Ethanol,Automanual,PBPM0LRAJKUG55375
Mazda,BT-50,2014,178268195,11449,Diesel,CVT,1EMLMZ94XPGG12143
Mazda,CX-9,2017,137990697,19474,Ethanol,Automanual,JK07RWVPP8PK42438
Chevy,Camero,2020,138440918,16472,E-85/Gasoline,CVT,JJ4PPPPUYCV073542
Skoda,Fabia,2015,183398396,35988,Electric,Automanual,PL9SERPLPZYY38097
Mercedes-Benz,B-Class,2011,172180046,33641,Gasoline,Manual,VJPPWJTLPTTZ79089
Dacia,Duster,2017,179650038,59604,Electric,Automatic,S68JK7XNP2HT38827
Nio,EC6,2011,193719475,50355,Diesel,Manual,PEL9M3LK2JTE45386
Nio,ES6,2018,108143341,51715,Electric,Manual,PTDP19DDAKPL16238
Honda,CR-V,2017,198232573,51126,Ethanol,Automanual,NAPHAGPUE5KS94523
Dacia,Duster,2010,177531949,41732,Ethanol,CVT,PPHFF60M1E0F10434
Mercedes-Benz,B-Class,2020,181088441,13817,Gasoline Hybrid,Automanual,HEP5FEPYPHPK69332
Chevy,Camero,2013,162602258,10946,Compressed Natural Gas,CVT,LPM2PP0DP8GY87792
Kia,Sportage,2017,170564846,33472,Diesel,Manual,Y34PKL0KMWBJ59436
Renault,Twingo,2019,104057063,22427,E-85/Gasoline,Manual,HHPPH9YEB4PJ31444
Nissan,Pathfiner,2017,178410437,41414,Diesel,Automanual,DJZDPJDPGLTZ31360
BMW,X3,2019,194677231,52801,Gasoline Hybrid,CVT,MHPKMGZPDHPD96639
Renault,Megane,2016,111994017,14213,Diesel,Automanual,DM3LKGY0AG0J96017
Toyota,Yaris,2019,164336081,33610,Diesel,Automatic,P0L8PD5ZLV0186328
Seat,Tarraco,2012,139339975,29636,Compressed Natural Gas,Manual,B7FPYJL6GTUZ11341
Renault,Megane,2018,126148799,37531,Diesel,Automanual,PJCPPPJAKYPP76884
Seat,Arona,2015,167955915,36640,Gasoline Hybrid,Automanual,5NPA7YPJHPP527013
Peugeot,2008,2017,149260298,34380,Gasoline Hybrid,Manual,UPPL6MPY14VP55886
Peugeot,508,2016,176792407,20388,E-85/Gasoline,Automatic,JJPBCPM1UUS137807
Renault,Zoe,2020,139116287,21056,Compressed Natural Gas,Manual,JPPKDBLRFPRS45360
Honda,Odyssey,2018,169130251,59431,E-85/Gasoline,CVT,B6PK6XGBRNS318915
Lincoln,MKX,2011,151296073,32100,Gasoline,Automatic,J4RGJPEULVP270429
Kia,EV6,2011,127252615,58469,Ethanol,Automanual,SJMPT1ZDNP0J63974
Seat,Leon,2010,182285611,36486,E-85/Gasoline,Automanual,LFM8BVYBPHN275083
Ford,Fiesta,2010,148063453,24282,Compressed Natural Gas,Automanual,L4PPPPPWZGEC12744
Nio,ES6,2013,142660420,25138,Electric,Manual,E3879PP4PEZ320497
Dodge,Charger,2020,151861497,20982,Compressed Natural Gas,Manual,PLETHP6VP1P948712
Volkswagen,T-Roc,2016,198859720,19256,Diesel,CVT,7JLJSJMVKPLM19849
Dodge,Durango,2016,124131277,59471,Electric,Automanual,NNPP1P2PH4UU23058
Nio,ET5,2010,110933583,42201,Electric,Manual,PP1ZPM16HUKZ48005
Volkswagen,ID.3,2012,128584499,57122,Electric,CVT,W98EZSPFKLFB33794
Kia,EV6,2015,107760548,47504,Ethanol,Manual,PPKDPMAT9PNP20350
Chevy,Malibu,2012,159288045,44377,Gasoline Hybrid,CVT,P9L1PNYPPPA295041
Volkswagen,ID.3,2012,145759041,18634,Gasoline,CVT,5BPN6PF4DMP261112
Dacia,Duster,2018,100862767,50358,Ethanol,Manual,6WUPLJA8E6L298181
Citroën,C3,2014,117945178,23036,Compressed Natural Gas,Automanual,XXN6FVKLUC0P08373
Hyundai,i20,2014,159264905,43371,Electric,Automatic,NWSN0PSPFLPE85722
BMW,M3,2017,128831645,40245,Diesel,Manual,PHFMPYPG5LHS21376
Nissan,Pathfiner,2017,177054519,10405,E-85/Gasoline,Automatic,PL3PNNLA2X0021489
Volkswagen,Tiguan,2010,144821273,43784,Gasoline,Automanual,APYCX9K6PKNP88533
Dodge,Ram,2016,141259290,13203,Ethanol,Automatic,8C12WKZWVPLF59690
Buick,LaCrosse,2010,195404782,20152,Gasoline Hybrid,CVT,82PHMLPUP6CS79743
Buick,Regal,2015,135547376,29592,Diesel,Automanual,GMP8RR5PYCCL61628
Peugeot,408,2015,164462247,48509,Gasoline Hybrid,Automanual,M1M7XZPA5MAM32770
Renault,Zoe,2014,115089530,38834,Gasoline Hybrid,Automatic,BESLWPKTJV0301509
Volkswagen,Polo,2012,109968500,48010,Electric,Automatic,K2PPKC26RCUE63650
Nissan,Versa,2011,132872373,47546,Ethanol,Manual,PTKBM6BACPEM68446
Mazda,CX-30,2013,101678498,15088,Gasoline Hybrid,CVT,CMPE23C9PP0L48477
Honda,Accord,2011,113715800,21614,Compressed Natural Gas,Automatic,D5TPLP7AZWCP78635
Mercedes-Benz,B-Class,2012,149957118,52438,Compressed Natural Gas,CVT,JNX5H2AMCYL359996
Volkswagen,Golf,2016,159548711,41957,Ethanol,Automatic,VMPJV4KPPEY417840
Dacia,Spring,2013,176317703,38105,Ethanol,Automanual,VPSSKJRPEWAV05751
Hyundai,Tucson,2013,123601388,18838,Diesel,CVT,2FKU2DPSB4PP38365
Toyota,Corolla,2018,199812887,46080,E-85/Gasoline,Automatic,40K1RLXP2YPY95112
Mazda,BT-50,2017,122394628,16361,Compressed Natural Gas,Automatic,LPLAKPD5YEPP82109
Chevy,Silverado,2011,139287286,45245,Gasoline,Manual,TMTMP46TFP0P34972
Kia,Sportage,2011,119117548,30904,Ethanol,Automatic,J3PWPJ2F9EPJ99082
Fiat,500,2017,195232614,26593,Electric,Automanual,JP74ANLGEVJ034710
Ford,Puma,2016,192601397,38732,Compressed Natural Gas,CVT,6UPHBG4C3J0609466
Mercedes-Benz,E-Class,2020,192376756,14272,Gasoline Hybrid,Manual,LMNFSJCCZFPT29244
Renault,Zoe,2019,111782335,52499,Ethanol,CVT,PNEAK2PPNBPX45494
Renault,Zoe,2020,132469328,47767,Gasoline,Automatic,9VJP9Y8JLR0Y52396
Citroën,C3,2014,125880364,13953,Ethanol,CVT,08PC67PKVJPF84800
Fiat,Tipo,2019,142354930,19999,Ethanol,Manual,0PYY6X4NR0PZ54345
Toyota,Prius,2017,135734769,55578,Gasoline Hybrid,Manual,DPK35UPPLHDV94913
Chevy,Malibu,2019,171221985,54699,Ethanol,CVT,MX6WPAECP0PE40778
Skoda,Enyaq,2014,176152429,57635,Diesel,Automanual,3D8PPDTMP9WB04639
Nissan,Altima,2014,166255182,21229,Electric,CVT,ZSK5E4FFG8GW42474
Audi,A7,2015,129624296,55320,E-85/Gasoline,Automatic,R0P8G18LXJN482293
Volkswagen,T-Roc,2011,171004907,25449,E-85/Gasoline,Manual,164PPSPW9YA627369
Skoda,Enyaq,2013,186737515,22627,Gasoline Hybrid,Manual,P7FWM7E2PSZP04483
Volkswagen,T-Roc,2016,115293465,11899,Compressed Natural Gas,Automanual,ZF0H0GA8P7LG89595
BMW,X5,2019,156631254,39195,Gasoline Hybrid,CVT,9PPKBKFPBN0P37324
Toyota,Corolla,2019,133452909,32918,Ethanol,Automatic,PXZ9SMXXADP618322
Ford,F150,2011,156105111,39324,Gasoline,Automanual,HFFJ8LKMNPEA30331
Dodge,Charger,2019,110153817,46259,Diesel,Manual,9X9UPV8N4S0U97968
BMW,M5,2010,105565167,23772,E-85/Gasoline,Automanual,G0PP1Z4D6PP687685
Skoda,Kodiaq,2018,128533558,59833,Gasoline Hybrid,Automanual,9LPYFP9PJGMP94984
Buick,Riveria,2010,154412724,26766,Ethanol,Automanual,66PEPPPFC3PP09588
Lincoln,MKZ,2010,165172495,18239,Gasoline Hybrid,CVT,PMNKXFPSEPX024594
Dacia,Sandero,2020,131626205,44126,Diesel,Automanual,N4YWP7PPPK0T74769
Citroën,C3,2014,156569547,31264,Compressed Natural Gas,Automatic,1UR989H9PP0N46578
Renault,Megane,2012,145389166,32175,Ethanol,Automatic,WLSJ6X4TPP0G06645
Audi,S5,2016,196947642,35108,Ethanol,Automanual,BN0PPD5BPJHS04137
BMW,M3,2014,108777074,54001,Diesel,Automanual,4CH5M2PJPRJY16131
Fiat,500,2012,115816583,16128,E-85/Gasoline,Automatic,P7JUKHPLUWX779756
Dacia,Duster,2019,166351659,49730,Electric,Automatic,CLJFCMNBK1BP99578
Chevy,Camero,2020,117187356,17607,Gasoline Hybrid,Manual,YPLKYZLPVVAK04424
Nissan,Qashqai,2018,131100574,19807,Gasoline,CVT,PP2PNT5BV1YL68023
Volvo,S60,2012,191049731,38876,Gasoline,Manual,TN29977P5HXT96518
BMW,X3,2020,177823777,44811,Ethanol,CVT,0RHKFZGFPCLN18946
Fiat,Tipo,2018,173918014,50873,Compressed Natural Gas,Automanual,SKGPEZMPP0WP98720
Citroën,C4,2019,185612705,43438,Diesel,Manual,MZSKHPXTPPNN25573
Fiat,Panda,2013,107045302,42866,Gasoline Hybrid,Automanual,UGPPVMB4TYU165600
Citroën,C4,2015,105791402,12203,E-85/Gasoline,Automatic,N5H7TUF4VJBL51549
Nio,EC6,2019,108502191,33744,Compressed Natural Gas,Automatic,NPKE45MPB6PJ44197
Fiat,Tipo,2012,108323458,19352,Diesel,Manual,ZVY44W1RPZTA56376
Fiat,Panda,2016,195071710,55085,Ethanol,Automatic,GVPRTPB6KPWG26879
Opel,Astra,2020,122801365,41288,Gasoline Hybrid,Automatic,WAU6A3P6APDZ35244
Ford,F150,2010,193802258,29844,Compressed Natural Gas,Automatic,BP6ZPMKHPNPP53904
Dodge,Challenger,2016,165532352,18031,Gasoline,Automanual,JPFPLKTKV40L88943
Volvo,S90,2011,189803935,26230,Compressed Natural Gas,Automatic,P0P9JS53P70G99735
Lincoln,MKS,2013,123418687,36546,E-85/Gasoline,Automanual,P29ML02PY9PE00080
Skoda,Enyaq,2011,185748953,38041,E-85/Gasoline,CVT,FCJ87AZFXSTF97328
Mercedes-Benz,A-Class,2012,141123657,26874,E-85/Gasoline,Manual,CPKPDPNVH70P47827
Mercedes-Benz,C-Class,2020,130083178,14327,Gasoline Hybrid,Automanual,DYPPTGFJAZKN64166
Hyundai,i30,2016,115856162,20437,Electric,Automanual,7JRWCE3ARP0L91756
Toyota,Yaris,2015,144328268,44418,Compressed Natural Gas,Automanual,W51PPPJ2V2LD10649
Mazda,CX-5,2017,108927145,52249,Electric,Automatic,VRPNJMPL4YJP77684
Hyundai,Kona,2013,108825761,39867,Electric,Automatic,AJRPFHNKH6NJ59813
Chevy,Malibu,2012,170671019,24174,Diesel,CVT,6FCMPJPVPFL225412
Toyota,Yaris,2011,156938702,54103,Compressed Natural Gas,Automanual,UCPHJPPPEHLP93848
Mercedes-Benz,C-Class,2013,191808132,34014,Gasoline,Automanual,3LPG6NZ3UL0W16803
Peugeot,408,2018,120401530,52425,Electric,Automanual,L6TU6YMP6M0X03344
Hyundai,Tucson,2011,157125266,38157,Electric,Automatic,LWSSPM88TJ0R04009
Xpeng,G3i,2017,178465889,27508,Compressed Natural Gas,Automatic,5JZB8B8Y59KC61059
Ford,Focus,2013,146528327,30053,E-85/Gasoline,Automanual,5XMB1PS3P4KP59547
Opel,Astra,2015,160510754,51204,Electric,Automatic,X0PKPPF9PM0560674
Kia,Sportage,2011,183068389,51931,E-85/Gasoline,Automanual,GPNTAP85FPPP62830
Nissan,Cube,2014,110496360,50344,Diesel,Automatic,TZBET4PKHBPP92856
Mercedes-Benz,A-Class,2014,138203931,47788,Electric,CVT,DLNMPMWVUJPX58511
Ford,Puma,2018,155949347,10552,Electric,Manual,1B84PATPP10F97341
Seat,Leon,2020,166740261,41348,Ethanol,Automanual,NPP6PM4DAWUM61306
Seat,Tarraco,2014,149208493,29705,E-85/Gasoline,Manual,BY81PAM2HXPK15876
Nissan,Pathfiner,2017,193495580,56731,E-85/Gasoline,Manual,P4PUT6UZ1P0375074
Toyota,Corolla,2015,114239496,16594,Electric,Automanual,CGPP8WPPVPZ906229
Kia,Sportage,2014,130949269,59631,Compressed Natural Gas,Automanual,ATPVCKAJ1P0P97145
Volvo,XC40,2019,165530531,49882,Gasoline Hybrid,Manual,A08LYBPL01PG86357
Buick,Encore,2010,112178889,44843,E-85/Gasoline,Automanual,U7XGPBP3MTAP31950
Xpeng,G9,2017,145418304,17267,Compressed Natural Gas,Manual,J39P4PKB8ADG97101
Nissan,Rogue,2017,121815503,40676,E-85/Gasoline,Automatic,TPHEGRLCCPPN81805
Renault,Captur,2015,124359918,37128,E-85/Gasoline,Manual,RMP5BEXVTKZH53984
Opel,Crossland,2017,159989435,23909,Electric,CVT,PJ9PPKWJADT477358
Honda,Accord,2011,121328961,21191,Compressed Natural Gas,Manual,3H1JZPYH0DGP05296
Citroën,C3,2017,186673305,47221,Gasoline Hybrid,Automanual,P46PEEMLP9SP45119
Mercedes-Benz,B-Class,2010,143348770,19667,Electric,Manual,PHVPDXS4WFY725620
Ford,Mustang,2016,129278363,21503,Compressed Natural Gas,Automanual,LNPPE3P49UK682825
Nissan,Rogue,2013,102587118,57039,E-85/Gasoline,Automatic,KP6PAYPVYVBP34399
Chevy,Silverado,2017,170930168,27235,Gasoline Hybrid,CVT,LTYDG8FX4UPM67918
Toyota,Prius,2018,167493833,22313,Electric,CVT,3REWP0KCU30A25486
Xpeng,P7,2016,183967567,10437,Gasoline Hybrid,Automanual,PPUZPPBCJ3KE82682
BMW,X3,2018,141351740,30498,Electric,Manual,P3SASJZP8PHX40084
Chevy,Silverado,2012,185018756,42932,E-85/Gasoline,CVT,P9FP8BXRBSSN78783
Ford,Fiesta,2015,147813032,17009,Electric,Manual,1NMPFMTP4EJP33792
Nio,ES8,2012,117678196,28887,Diesel,Automatic,8PS7WNSNNNKP45783
Renault,Megane,2019,152370449,28035,Ethanol,Automanual,CPJJPPTPC5LP77632
Hyundai,i20,2020,110827771,49469,Electric,CVT,5VH1LBL9T0N063032
Skoda,Fabia,2011,100833091,56788,Diesel,Manual,JTJU5HPU04FP99923
Hyundai,i30,2013,158754834,19722,Electric,CVT,8PPNNKWYYCJK18576
Dodge,Charger,2019,106547822,50192,Gasoline Hybrid,Manual,PLGSAPZATPWM24831
Nissan,Cube,2013,135424794,50592,E-85/Gasoline,CVT,PFELR4JXZWNX26169
Chevy,Malibu,2010,160020896,30637,Diesel,Automanual,PSBEFAFPV30889426
Nissan,Altima,2016,139634060,20002,Ethanol,CVT,WN0RPZJLJPPP70655
Mercedes-Benz,E-Class,2013,191104974,32282,Gasoline Hybrid,Automanual,YSFTPTGBKJPK16896
Buick,LaCrosse,2011,109194920,39297,Ethanol,CVT,971PPJ5WPT0903009
Peugeot,2008,2012,177728841,32442,Gasoline Hybrid,Automatic,KPZPZUVJPM0N85447
Tesla,Model,2020,165727703,38976,Gasoline,Automatic,2ADDT37LNLNA02424
Lincoln,MKS,2015,115752142,42723,Ethanol,CVT,H58R1JPLPLBP52072
Hyundai,IONIQ,2012,132668629,46346,Gasoline Hybrid,Automatic,NK7CBWPHTLK022647
Xpeng,G3i,2020,106865046,55389,E-85/Gasoline,Automatic,G095BMPPXS0M64801
Volvo,V60,2016,156056557,52402,Ethanol,Manual,10LHC0P2PPRV27064
Renault,Twingo,2017,162173455,32328,Diesel,Automatic,PPTSBPZ2LSCX60146
Skoda,Superb,2016,113336515,39363,Gasoline Hybrid,Manual,X3KLH5JBPMPC73783
Volvo,XC40,2010,106447913,19197,Ethanol,Automanual,BZ6P9R46TPNK83103
Kia,Niro,2020,189691009,51695,Ethanol,Automanual,PG03P0BPASN876071
Mercedes-Benz,E-Class,2016,138688345,59341,Ethanol,Manual,YRJPJ7KV7PMK68550
Dacia,Duster,2015,123972963,41142,Ethanol,CVT,LCY4F3LP1HLZ54769
Fiat,Panda,2010,146447035,50596,Electric,Automatic,CALPKMGYLPM792363
Hyundai,IONIQ,2015,141079028,56521,E-85/Gasoline,Automatic,HPKLP7MPPL0P42330
Xpeng,P5,2016,171021058,30574,Diesel,Automatic,MRP8K89PKNF839850
Hyundai,Kona,2013,118381955,35497,Compressed Natural Gas,Automatic,5ED0NNPTYP0W30060
Buick,Enclave,2013,190869015,40553,Diesel,Automatic,BPF7NKFPMAPA90176
Nissan,Altima,2016,185462665,28700,Compressed Natural Gas,Automanual,0GFETR4GRTF240656
Kia,Ceed,2019,172349583,47134,Gasoline,Automatic,HWTL6ADZJ90P21037
Dacia,Sandero,2014,163450405,56507,Gasoline,Automanual,8X4PPPEPTY0F19107
Peugeot,308,2013,138723429,11642,Diesel,Automanual,FSPJFZPNSR0047393
Dodge,Durango,2014,149986006,42959,Gasoline,CVT,ZACR36ZPWKVX57757
Volkswagen,ID.3,2020,102878362,30242,Diesel,CVT,M9DPK6KKAN0M21217
Dodge,Challenger,2012,113974547,47983,Diesel,Automatic,PEHPNPPDRBSP53049
Nio,EC6,2011,185677481,31011,Electric,Automanual,HMLKY6NT9TCP02476
Kia,Niro,2011,191559292,43268,Compressed Natural Gas,CVT,HPP7P3NT3VNP46033
Audi,A7,2018,193490420,35906,Gasoline,CVT,3PPRL3ZP080550107
Nio,ET5,2018,198181297,56635,Gasoline Hybrid,Automatic,LCAARZHMFP0R89118
Peugeot,408,2017,159120524,39032,Ethanol,CVT,RDH8AKPYM90N38094
Xpeng,P7,2012,144309784,55924,Diesel,CVT,GV3CR2TL2HPN63076
Renault,Zoe,2011,154742796,11555,Electric,CVT,PDMXK6XFKNVK63522
Volvo,XC60,2012,115505172,49541,Gasoline,Automanual,PLMDP31PNEP275617
Hyundai,i30,2020,126473307,36096,Ethanol,Automatic,MWM2XB7PLGVW78719
Ford,Focus,2018,154710394,23154,Ethanol,Automatic,3ZTLPHH3PPCM83579
Fiat,500,2019,159878544,42320,Gasoline,CVT,2PMRUHM2PU0P27610
Peugeot,108,2017,167389009,14997,Electric,Manual,H3TPMHWGHP0P92912
Tesla,Roadster,2015,123696718,34631,Gasoline,Automanual,PK1WBXPPPBPA94679
Toyota,Corolla,2012,192717846,38373,Gasoline,CVT,1R9GT2LLPJ0J02881
Buick,Verano,2015,128935251,22533,Diesel,Automanual,40PCP6W08GM236667
Honda,CR-V,2017,149250840,37268,Diesel,CVT,CP548B9HNPPX33325
Dacia,Duster,2013,123672332,58173,Electric,Manual,PN33CPPT1HGK80030
Xpeng,P5,2015,116796856,10749,Ethanol,CVT,PA6APKJC8VG194178
Volkswagen,Up,2015,198241391,54353,Ethanol,Automatic,36BPUNE25TV470602
Kia,EV6,2013,109671043,25638,Ethanol,CVT,DPK3DR77L20P58070
Mercedes-Benz,C-Class,2011,121963373,56884,Diesel,CVT,P0PJPLLNTASP58977
Peugeot,308,2018,147818621,26974,Compressed Natural Gas,Manual,LGDMPB5P7RDL77075
Buick,Verano,2013,154648493,59728,Ethanol,Automanual,UP3WU6PASPJP33196
Kia,Niro,2019,106562601,41283,Gasoline Hybrid,CVT,SWA9NTZYWPPP77220
Audi,A7,2014,128107391,51161,Ethanol,CVT,PAAN3PPF0SSU17388
Audi,A4,2016,101993471,51193,Compressed Natural Gas,Automatic,2MVP6LYP7RA184563
Fiat,500,2016,166075938,24543,E-85/Gasoline,Manual,P88REAMBSEAG31829
Chevy,Camero,2011,192032119,14418,Ethanol,Automatic,8W3P6R0DNKFB83145
Nissan,Rogue,2018,136389580,31557,Compressed Natural Gas,Automatic,MTPAFEURNS0P58303
Opel,Astra,2014,108976337,20651,Ethanol,Automatic,18HY9KPC76VP33057
Hyundai,IONIQ,2010,136699931,28031,Gasoline,Automanual,5RYMLJSPUVE689864
Mazda,CX-9,2016,121410112,32422,Gasoline Hybrid,Automanual,TPA6PZCCVTGP02115
Seat,Ateca,2014,177088731,38409,Compressed Natural Gas,CVT,MP3P4MDPDPN467023
Audi,A8,2017,121688364,36690,Compressed Natural Gas,Manual,PCMPAPDNZDP256342
Dodge,Durango,2011,146589244,19341,Ethanol,Automatic,CDGDPH4E9DNP53330
Ford,Puma,2013,138413972,46030,E-85/Gasoline,CVT,MBPSJPPPP4R695854
Volvo,C40,2015,131889397,52390,Diesel,CVT,SA6WJY91HH0C52101
Volkswagen,Tiguan,2016,166004456,29433,Electric,Automatic,H8MPNPMZRGPP52915
Opel,Astra,2018,195395045,47104,Ethanol,CVT,KP6UFKMEP9FK92207
Audi,A5,2020,134918607,19472,Ethanol,Automatic,7M7C9KEP2KMJ88008
Chevy,Malibu,2010,177833515,40308,E-85/Gasoline,Automatic,M7EGDJRZ4PJJ93695
Nissan,Qashqai,2016,104934318,53514,Compressed Natural Gas,Automatic,5PJVSUVP9PUP30044
Opel,Astra,2011,166140630,58450,Compressed Natural Gas,CVT,M9L2NMC6PBWD27427
Hyundai,i10,2010,105254899,56574,Diesel,Automanual,PRP13B6RWKJL64942
Tesla,Model,2010,103600022,16886,Diesel,Manual,1HMB5BPF6MHN23014
Xpeng,G3i,2018,110605420,55710,Ethanol,CVT,RNSHDETKPYNU34043
Citroën,C4,2011,197796372,34816,Electric,Automatic,KZRWPPWK2LX558651
Volvo,V90,2010,129903672,13483,E-85/Gasoline,Manual,MJPSXPV2XBDN28950
Hyundai,i10,2019,194039262,44644,E-85/Gasoline,CVT,ZBNCB9PKLPA061049
Mercedes-Benz,B-Class,2010,161088778,13276,E-85/Gasoline,Automanual,PK64PXT8AMKL28569
Volvo,S90,2013,134710540,25050,Diesel,CVT,DEP1YCPZPPFP60663
Ford,Fiesta,2017,164543713,52366,Compressed Natural Gas,Manual,YFNJPPPP5LBF73537
Volkswagen,Up,2010,108696319,21908,Electric,Automanual,6PKM4TDT2L0874592
Seat,Ateca,2013,174363741,15880,Gasoline Hybrid,Automanual,PPJU8P92FP0K14412
Fiat,Panda,2017,167989750,51201,Electric,CVT,RKP6PP77RULV99224
Tesla,Model,2014,160128595,30469,Ethanol,Manual,E0JCHGSDN6PH83065
Volvo,S90,2019,140117576,55268,Electric,Manual,PDL7MY281JYZ70804
Nio,ES8,2018,167749978,12402,E-85/Gasoline,CVT,KAPVL2PPUJ0257487
BMW,X1,2019,114145149,35461,Gasoline Hybrid,Automanual,BF0PBJV0N9G768589
Xpeng,P7,2017,176959586,15178,Compressed Natural Gas,CVT,LGCNXZ2JUU0Z91322
Kia,EV6,2013,198450086,12229,Electric,Automanual,8ZHKK5EG8R0J63079
Nio,ET7,2013,115716493,42925,Compressed Natural Gas,CVT,47KMK7DGSUP024844
Audi,S5,2011,109770654,56421,Ethanol,Manual,7R5PGKFUAUMF78950
Buick,Riveria,2016,105638380,49530,Compressed Natural Gas,CVT,13C68YLPP1BK15057
Ford,Focus,2015,142267680,55456,E-85/Gasoline,Manual,DTG8HNPP0NHS21603
Audi,A7,2017,135835082,46455,Gasoline Hybrid,Manual,PZHZX9GSNCA824844
Hyundai,Tucson,2011,183661263,26131,Diesel,CVT,CPPPPYSPL7J946196
Mercedes-Benz,E-Class,2012,198914729,38820,Ethanol,CVT,R2MKBE7PBU0V59745
Nissan,Micra,2017,179531939,29934,Gasoline,CVT,P1K5TPND3PDP95285
Dodge,Durango,2020,171556386,13841,Ethanol,Manual,HLNVFD9CTJYM91297
Buick,Riveria,2011,119986529,16315,E-85/Gasoline,Automatic,DP12TVZMC8PN47424
Audi,S5,2016,189760834,34190,Gasoline Hybrid,Automanual,MPRLG5NPPSGD84835
Buick,LaCrosse,2013,131314688,46591,Gasoline,Automatic,RJLKSPWAXP0P97638
Honda,Odyssey,2012,153063706,14743,Gasoline,CVT,4NDPM1PSJ8UU44522
Toyota,Prius,2011,106956072,28410,Ethanol,Manual,2NP5XZFLPL0N23910
Opel,Astra,2014,137820065,27767,Electric,Automatic,EMMX412KZC0N10548
Honda,CR-V,2011,195772724,44664,Gasoline Hybrid,Manual,E9CPRN411N0P75534
Peugeot,408,2010,179309592,45897,Electric,Automanual,RPKX4MLBSP0P84913
Volvo,XC60,2013,165489242,38412,Compressed Natural Gas,Manual,PJPLWEE9H3VP37266
Toyota,Prius,2020,147308169,18689,Gasoline,Automatic,PXPLP9CF7PEH21282
Volkswagen,Golf,2019,131986920,41819,Gasoline Hybrid,CVT,0PNP9DJB3HBX63241
Audi,A5,2013,122637599,53031,Electric,CVT,CF92350T83NW99150
Honda,CR-V,2016,146516150,28062,Compressed Natural Gas,Automanual,JBMDNTACPPCP64465
Opel,Astra,2016,101167975,13356,Compressed Natural Gas,Automanual,B4KX8PYUKNMC84093
Chevy,Camero,2016,183890746,57095,Diesel,Automatic,MVPLYYV0GXPP03518
Dacia,Spring,2019,106971581,26378,Gasoline,Manual,SPFPVAZR4NDM50409
Hyundai,i30,2020,146669031,14344,Diesel,Automatic,PEXJSLGKP4KY62625
Volvo,XC60,2011,154959209,30090,Gasoline Hybrid,Automanual,BPNPPA3GLP0812152
Tesla,Model,2014,106174395,32228,Electric,Automatic,PCP56ZWN200395377
Nio,ES6,2019,164485697,36263,Gasoline,Automanual,KF6SXPJWPPMM62989
Nissan,Pathfiner,2016,118934824,48294,Ethanol,CVT,K1ENLB3905UK75048
Toyota,Corolla,2019,111332045,41166,Diesel,Automatic,PEBP8D2A3XPP89617
Hyundai,Tucson,2011,152156346,56898,Gasoline Hybrid,Manual,41UPV432B4PR59152
Skoda,Fabia,2017,166697779,24173,Ethanol,Automatic,PJPDRNZM8PUT23273
Renault,Captur,2011,113189162,33676,Electric,Automatic,EPPGJ2T3N6GP87198
Skoda,Fabia,2014,184927101,12715,Gasoline Hybrid,Automanual,VB62KDP9P8DL56517
Mazda,CX-9,2020,104660161,30316,Ethanol,Automatic,TACKW6MH18PL81487
Seat,Arona,2015,172871422,37379,Ethanol,Automanual,48PM1UCULEJL27055
Audi,A5,2017,154644531,13737,Ethanol,Manual,CPDM45176PYL30329
BMW,X5,2018,189525209,51577,Compressed Natural Gas,Manual,LPP5L9PPNYD454590
Fiat,Tipo,2020,193630557,39994,Gasoline Hybrid,Automatic,9NBPUPPFS0LH00646
Buick,Encore,2020,178487025,25454,Diesel,Automanual,A8KVB83KPPNS03846
Xpeng,P5,2011,100414856,46027,Ethanol,Automatic,PKPGCCECPKKN09078
Buick,LaCrosse,2016,156849364,57361,Gasoline Hybrid,Automanual,MXPPPL2UPPN322197
Nissan,Juke,2012,155851299,31944,Electric,Automanual,6SPK7PGEAAJP44637
Peugeot,3008,2011,146308966,56714,Electric,Manual,KP4F71PH2PJK68442
Hyundai,Kona,2020,130232078,18051,E-85/Gasoline,Automatic,5JBL6KPL1LN841172
Volvo,C40,2013,129940548,18346,Compressed Natural Gas,Automanual,XNFPWLVP5PUV88163
Kia,Sportage,2020,117284592,23793,Ethanol,CVT,4M8ELCYRP4MC17094
Dodge,Ram,2010,139886913,36717,Gasoline,Automanual,FPNH12DC3MSC46466
Lincoln,MKS,2011,176212269,47000,Gasoline,Automanual,EPZBTLWPEXLP17005
Kia,Ceed,2013,136385140,43128,Compressed Natural Gas,Automatic,1JWP3VPHW2P564171
Peugeot,3008,2010,187235698,38690,Gasoline,Manual,FV7NPJPGHPSP06773
Mazda,CX-3,2013,142128541,18975,Diesel,Automanual,RP4J2ZE55MJ711061
Peugeot,108,2013,145522422,18104,Gasoline,Manual,PHP1TDRMPY0K28439
Citroën,C3,2013,133582588,42764,Gasoline,Automanual,WNLPY72FP8YN62611
Volkswagen,Polo,2013,187649765,11834,Ethanol,CVT,REK0KPJXCXPF85048
Toyota,Prius,2018,155649475,22604,Diesel,Automatic,9APZ22D3WL0S03454
Chevy,Malibu,2011,124526727,23133,Gasoline Hybrid,Manual,BC5AYUV3RHK355006
Peugeot,408,2015,127807698,58316,Electric,Manual,6PPPLMV7KGYH40569
Honda,Accord,2015,128064544,13991,Ethanol,Automatic,5VVMJBT6TLPL36284
Honda,Accord,2012,122689373,29396,Gasoline,Automanual,3LBSPZWHPVPA79626
Citroën,C4,2012,138113963,34995,Gasoline Hybrid,Automatic,0Y4VFPAW78P047240
Volkswagen,Tiguan,2011,180973986,10687,Gasoline,Automanual,SG9H8LX2PUKM38345
Peugeot,408,2019,114675153,56724,Diesel,CVT,P0VGCNMCPH0114276
Audi,A4,2014,192251881,40950,Ethanol,Automanual,PPRPPLYS4PLX25900
Xpeng,G3i,2012,157875142,35317,Electric,Automanual,7DNSKTYZZRPX82537
BMW,M3,2016,181871195,33147,Compressed Natural Gas,CVT,57PUY1AHKKUP55188
Toyota,Yaris,2019,167369477,36382,Gasoline Hybrid,Manual,TLXYPKSAM4PN18507
BMW,X1,2014,128736625,14235,Gasoline,Automatic,N5YPGPZ66KPU08451
Chevy,Malibu,2014,115878641,38056,Ethanol,CVT,U8P4PPPN7NDM47059
Audi,A4,2016,116664588,41322,Compressed Natural Gas,Automatic,WSPJV1817BYM04437
Tesla,Roadster,2018,178826476,51238,Ethanol,Automanual,FZPDTP6GKPP038224
Mercedes-Benz,A-Class,2016,188195706,47654,Gasoline Hybrid,Automanual,VSUPFPAPGP0P59615
Fiat,500,2015,107946083,53322,E-85/Gasoline,CVT,P0PEGVM1P1RH16626
Chevy,Silverado,2015,136195823,14598,E-85/Gasoline,Automanual,F8MALL4R9SC915311
Audi,A4,2020,124523739,11621,Compressed Natural Gas,Manual,ZPPTWPJPLUL827826
Volvo,XC60,2013,169670203,51407,E-85/Gasoline,Automanual,PP2P2SPM2V0J65193
Nissan,Versa,2015,148800529,50141,E-85/Gasoline,Manual,NPPPPFPJ21JH79096
Mercedes-Benz,A-Class,2019,143068868,45898,Diesel,CVT,ZNHCDPPJPPM331240
Chevy,Malibu,2016,109752468,16407,Gasoline Hybrid,CVT,9X9PKPF9UYDK98642
Mercedes-Benz,E-Class,2010,146435856,41306,Electric,Automanual,3DDJ3AU027PP43257
Toyota,Yaris,2013,146554262,26394,Ethanol,Automatic,DPPRZJ5EFG0P25477
Audi,A4,2012,193160545,10677,Diesel,CVT,P2PWPDNF620P02914
Xpeng,G9,2016,142830275,17178,Gasoline,Automanual,4PPMKPPF67PR92563
Ford,Puma,2015,188003630,27019,Compressed Natural Gas,Automatic,2CKSDP3MMZWG09484
Renault,Clio,2019,125730901,59729,Gasoline,Automatic,UP5C00XPD5CY04530
Toyota,Yaris,2017,160987783,44659,Diesel,CVT,JCL5VM0FPRPN08944
Mercedes-Benz,B-Class,2014,154771657,56954,Gasoline,Manual,0UP4C43NNJLP65130
Buick,Verano,2014,122067097,48467,Diesel,CVT,2PWZPSPP390P46337
Chevy,Malibu,2012,172301789,29235,Gasoline,Automatic,8SNAEAV0J00183151
Peugeot,2008,2010,197584120,19020,Compressed Natural Gas,CVT,LFEPEH2U51P756573
Lincoln,MKZ,2014,119234238,30889,Gasoline Hybrid,Automatic,PSKPUPNV7AGX07146
Mercedes-Benz,B-Class,2013,188630869,15530,Diesel,CVT,BYKJAB67ABKP91317
Lincoln,MKS,2012,103237519,18043,Gasoline,Manual,G3PUMANN6PAA40058
Skoda,Octavia,2014,149572295,58282,Compressed Natural Gas,Automatic,259AVGWKBM0123592
Audi,A5,2019,111607730,43049,Electric,Automatic,PWM2BPP3PP0H11681
Audi,S5,2019,164750041,12850,Compressed Natural Gas,Automanual,15EBPHSTJNCR42212
BMW,M5,2010,158657660,26637,Ethanol,Manual,K9CTMZM3JB0W44847
Kia,Ceed,2014,114674416,19702,Diesel,Manual,EZFPGPGMPFDT71359
Lincoln,MKS,2010,185073461,10456,E-85/Gasoline,Automatic,UPNB65LBN8L804866
Volvo,XC60,2014,128704458,12323,Diesel,Automanual,4PGGP0DZJTJE73394
Chevy,Silverado,2012,106562194,47958,Ethanol,CVT,P7PKM8NFJAZ636359
Ford,Focus,2018,175053098,28683,Diesel,Manual,PGH0LP5LAPL780116
Seat,Arona,2013,156463127,20411,Compressed Natural Gas,Manual,NJYK70GL370G22253
Nio,ES7,2018,151992807,31438,Gasoline,Automatic,XPSN2EJPEMDJ77997
Buick,Regal,2016,107192312,44110,Diesel,Manual,PPKBDPBPSU0637192
Chevy,Silverado,2013,196212985,22322,Gasoline,Manual,8KLSML9DPLBA91420
Xpeng,G3i,2016,151940977,14882,Electric,Automanual,HJXF0K9GFYEK85918
Ford,Puma,2020,123755584,10517,E-85/Gasoline,CVT,KUTCH4CAZGFG34467
Hyundai,i10,2020,196968887,20398,Electric,Automanual,6DYFN1WL98VM61125
Ford,Puma,2014,105235720,29668,Electric,CVT,AFAHAPSUB7EP67360
Renault,Zoe,2016,192454117,37795,Compressed Natural Gas,Automanual,FM2LR9HPPL0342352
Xpeng,P5,2020,105829291,32370,E-85/Gasoline,Manual,DNMH9FP3PPVM36979
Dodge,Charger,2012,151885211,23252,Ethanol,Automanual,P9MMG5Z2JBKR34519
Lincoln,MKS,2014,122081719,26394,Gasoline,Automatic,BXYPDNPHGHC544055
Dacia,Duster,2018,126769955,36205,Ethanol,Automanual,NPPMTJ4AD0PJ86440
Mercedes-Benz,E-Class,2015,118581626,21601,Gasoline Hybrid,Automatic,M67B8PPXCPLP17842
Opel,Corsa,2013,132501337,57403,Gasoline,Automatic,BBXK3P1JG0CL72493
Hyundai,IONIQ,2016,149859057,30018,Gasoline,Manual,ACGRPJAS1SFS70732
Lincoln,MKX,2019,192049070,51570,Gasoline Hybrid,Automanual,S8EJWRTNUHU372211
Peugeot,508,2014,170761831,27236,E-85/Gasoline,Automatic,ZEMAPEJ7MPLP80489
Audi,A4,2015,131156979,22125,Gasoline,Automatic,NUUBP9GN50WP86410
Tesla,Model,2016,196862529,41509,Electric,CVT,VNL265WLP2PA60291
Honda,Accord,2017,134059230,17787,Compressed Natural Gas,CVT,PCF0L2P82R0J29718
Ford,Mustang,2014,153550545,54750,Diesel,Manual,K32632W05KCP91645
Volvo,V60,2018,109015130,36189,Gasoline,Automanual,0P24PH2YGNL553689
Nio,ES7,2017,139621925,47301,Gasoline Hybrid,Manual,VCNP5KVKL2P432411
Dacia,Sandero,2015,145319206,30470,Compressed Natural Gas,Manual,5P5TMNWPPAPD87681
Citroën,C3,2017,142823979,55935,Compressed Natural Gas,Automanual,6AGJETP7VY0J23870
Hyundai,i10,2014,119714899,13616,Ethanol,Manual,L1EPJN3LYBWP86165
Peugeot,2008,2013,117792163,13473,E-85/Gasoline,Automatic,HJ9PPPVFUBKH71081
Kia,Sportage,2015,111635864,42452,Electric,CVT,P2BLPFGVWLSH44845
Kia,Ceed,2019,162960306,49452,Ethanol,Automanual,WVGPPJPJB70D19893
Mazda,CX-9,2017,173422492,42035,E-85/Gasoline,Manual,P6P2V2HTJDJW16219
Fiat,500,2018,153493530,49717,Gasoline,Manual,ELLGLTN98P0907573
Hyundai,Tucson,2014,188221863,23653,Ethanol,CVT,ZGVFMMCDU3PP49664
Mercedes-Benz,B-Class,2019,172125535,26470,Gasoline Hybrid,Automanual,JP8FZ4PPPPPM70399
Nio,EP9,2013,133637968,18909,Gasoline,Manual,999UCJXNPPTP21819
Chevy,Malibu,2012,186593115,38217,Gasoline,CVT,WKCJP2PPLSNY74730
Seat,Tarraco,2015,134738989,25475,Electric,Manual,CDPTPNH5WT0G97452
Hyundai,i20,2020,136015133,10834,Electric,Automatic,P7CNPTZPHBXU39557
Tesla,Model,2016,146380937,16882,E-85/Gasoline,Automatic,PTUB1K4PPEZL29164
Nissan,Rogue,2018,156951802,56884,Gasoline,CVT,G6MTEXC0VP0P88871
Volvo,C40,2015,110438573,29854,Diesel,Automanual,ZCEPHA84PPGZ38083
Skoda,Octavia,2018,178769469,26987,Diesel,Manual,MT7PGPA48GPN61854
Opel,Mokka,2013,109611589,45615,Electric,CVT,YPLPHPMGXKGB52483
Audi,S5,2017,159259103,44348,Gasoline,Automatic,A3DUPMPPPDNK06783
Audi,A8,2012,173209307,58841,Compressed Natural Gas,Manual,JEMPA15XHX0V24875
Volvo,C40,2019,147816487,13968,Gasoline Hybrid,Manual,PYXN7BN3PYGT14128
Opel,Astra,2020,165304460,46355,Diesel,Automanual,7NP48A3DR2SG45800
Mercedes-Benz,A-Class,2020,131388962,22776,Diesel,Manual,LNAXNXP2LAPP59154
Lincoln,Navigator,2013,176620123,39297,Gasoline,Automatic,THA9NDCE4AP939240
Buick,Verano,2018,141534291,35539,Ethanol,Automanual,4PBPBNB3P0P822152
Volvo,V60,2016,175733200,30985,Electric,Automanual,77PG89AP40EP85512
Renault,Twingo,2010,155141142,31110,Ethanol,Manual,RX4P4XAPWM0132550
Dodge,Charger,2016,174071495,45152,Gasoline Hybrid,Automatic,PPFJK7LCX30L04824
Volvo,XC60,2019,150194041,38817,Electric,CVT,PTY5PUKEVRLP38902
Audi,A8,2019,183220373,52805,Diesel,Automanual,XT7LP6PJP4PP53267
Volvo,S60,2010,196692132,51435,Electric,Automanual,YMPLPPK0KTBP58515
Hyundai,i20,2018,158950645,51313,Compressed Natural Gas,CVT,MKVL74RKPPPP98080
Lincoln,MKX,2020,152396806,45305,E-85/Gasoline,Automatic,2UKDKPHPL20S59757
Buick,Riveria,2010,179836755,33755,Diesel,Manual,PS0KP7UTY40C95162
Fiat,Panda,2014,170713051,19033,Diesel,CVT,WEJPDAPCP6PN56489
Skoda,Superb,2012,139566711,14826,E-85/Gasoline,Manual,0PP0TPFPB70R57680
Renault,Zoe,2012,110131663,15482,E-85/Gasoline,CVT,LRJFUYPLHU0J37319
Audi,A5,2012,194514585,53286,Compressed Natural Gas,Manual,2CTVPDG984EP90868
Mazda,CX-8,2020,111886277,56758,Gasoline Hybrid,CVT,HPBNN6DV4RPS96985
Toyota,Corolla,2018,110332515,55228,Compressed Natural Gas,Automanual,BKGZY14JBPPB61521
Volkswagen,ID.3,2017,137183498,35085,Diesel,Manual,PRUT6KUUW9KA21970
Opel,Crossland,2019,133865844,46906,Diesel,CVT,ZRCKJNHPVBRP54026
Dacia,Spring,2014,136728957,28079,Gasoline Hybrid,Manual,7SJVRMPP5MW044784
Kia,Ceed,2017,142538326,40924,Diesel,CVT,G8BPP9PPN6Y234056
Toyota,Camry,2013,139667578,43090,Gasoline,Automatic,S6PMKN9PKP0P21850
Toyota,Corolla,2020,136202512,42149,Compressed Natural Gas,Manual,PZHZELUP3SYP82687
Renault,Captur,2011,141812096,15368,E-85/Gasoline,CVT,LU80PYAURPK846178
Dacia,Spring,2015,125910964,54705,E-85/Gasoline,Manual,UNP8FVL5GPPN47237
Opel,Crossland,2011,149831147,50056,Diesel,Automatic,9PPNSS3PJAHP51037
Volvo,C40,2015,194285725,51674,Ethanol,Automatic,M5ETV99PKV0L14278
Dodge,Ram,2015,128901954,35420,Compressed Natural Gas,Automatic,5AL1JBKAPE0X87352
Fiat,Tipo,2010,165579571,17279,Ethanol,Automanual,AWPNBJPLHPDC45543
Xpeng,P7,2018,184491999,12379,Diesel,Automanual,WFPYP2ZNY0MP00416
Toyota,Yaris,2013,101576565,33149,Electric,CVT,WKJ6DKPPZNAM09694
Mazda,CX-3,2019,131987970,19264,Diesel,Automanual,M70LJPS7B8PP10291
Skoda,Octavia,2010,198275481,49950,E-85/Gasoline,CVT,GDSM9ATPJ2K735655
Audi,S5,2014,166164615,20965,Gasoline,Automanual,491FM9P1PAMP06032
Mazda,MX-5,2010,156434812,27145,E-85/Gasoline,Automanual,MPF3PWPCJU0235773
Seat,Arona,2020,160659423,17245,E-85/Gasoline,Manual,PJ3570P2020S59985
Dodge,Challenger,2017,151905218,38376,Ethanol,CVT,LLFP6XMPNSFP69461
Kia,Ceed,2018,186910966,32929,Gasoline,Manual,PP5Y6XPPKHKK29561
Dodge,Charger,2014,145793481,51597,Gasoline Hybrid,Automatic,PJCYDAMNTU0X11246
Fiat,500,2020,115370028,22025,Electric,Manual,JMTPTJGPYZRM67944
Nissan,Versa,2017,129737190,15819,Gasoline Hybrid,Automatic,4XTPGGMGPP0771512
BMW,X1,2015,144300690,43215,Electric,Automanual,PL5FDSDPNPSC04887
Seat,Ateca,2016,158968708,46693,Ethanol,Automanual,Y0AVHV0P0YDH48732
Opel,Mokka,2010,111905025,10949,Electric,Manual,PTJ9KE4SPJ0787243
Mercedes-Benz,E-Class,2016,104936217,28429,Gasoline Hybrid,Manual,PVPDWN3B2BJN05802
Dodge,Durango,2018,112451531,25606,Diesel,CVT,PNBEMCPFP8UP43347
Volvo,V60,2010,125695504,23916,Gasoline,Manual,N6Y8PUXSF9E168247
Hyundai,i20,2014,192946964,31645,Compressed Natural Gas,Automanual,J96P5B2LPEF567293
Lincoln,MKS,2016,147070996,23331,Gasoline,Manual,92MA1XP07WA075156
Tesla,Model,2017,196572177,44502,Ethanol,Automanual,8H731P0PJKPV63260
Dacia,Duster,2014,180153706,30917,Compressed Natural Gas,Automanual,AR2XKPPNPMF313230
Seat,Ibiza,2012,123791047,29862,Electric,Automanual,BTP1PP1PAPUV26985
Fiat,Panda,2012,112869684,15138,Compressed Natural Gas,Automatic,MPBDPBJHTPS014427
Nio,ES6,2018,175533568,17409,Diesel,Automatic,MJPALZMJUB0H35136
Citroën,C3,2020,196234450,14354,Gasoline,Automatic,SBWPNXS9WGNV48332
Volvo,C40,2015,119715715,53530,Electric,Automatic,9RCDMZU31DWM49538
Nio,EC6,2010,137273794,11408,Diesel,Automatic,EYRTLE9Y66VB59242
BMW,M3,2019,138696415,14145,Gasoline Hybrid,CVT,TMXPPPPRT2B191105
Xpeng,P5,2012,118426025,14780,Gasoline,Automatic,YT429T5MW5RU51843
Buick,Encore,2020,102828102,28908,Diesel,Automatic,J4PDPPX9JMK870486
Fiat,500,2011,196176754,24385,Gasoline Hybrid,Manual,NBP6BB5Y3LPC65907
Hyundai,i10,2010,167044681,26215,Ethanol,Manual,VEP1PZWXJWPE71067
Honda,Civic,2014,122065051,34226,Ethanol,CVT,8GPPFGH2H60B96696
Peugeot,208,2014,154201976,38806,Compressed Natural Gas,Automanual,PPKCPJRB14WX06959
Nio,EP9,2020,100187695,58486,Gasoline,CVT,LDABHUML2BLE04117
Seat,Ateca,2019,113275947,34778,Gasoline Hybrid,Automatic,APNTPKLNUPGV81266
Nissan,Pathfiner,2011,163163647,11330,Gasoline,Manual,PWJ9LDWGC9PH76319
Opel,Mokka,2016,170546948,25163,Compressed Natural Gas,Automanual,X75PN3PEYYKP65696
Skoda,Octavia,2010,121620246,25522,Compressed Natural Gas,Manual,RPRJGR513ZPB25774
Honda,Accord,2014,168132079,50548,Gasoline Hybrid,CVT,NP7PKMUYPSLA78081
Mercedes-Benz,C-Class,2011,154644860,30735,Electric,CVT,P1X3UEMTPGFN07120
BMW,X3,2017,143492004,26613,Diesel,CVT,0J2LMUZPKPK687659
Toyota,Yaris,2011,170467777,10236,Diesel,Automatic,6DPPBBEK1PPW43212
BMW,X5,2016,171247863,36345,E-85/Gasoline,Manual,EKKKP36A2P0P11673
Opel,Corsa,2018,104326382,55450,Gasoline,Automatic,FJPM4PKDLXFE27196
Seat,Tarraco,2010,179489661,55662,Ethanol,Automanual,RUPNPP3H8PDG74354
Chevy,Malibu,2015,133028551,15297,Gasoline,Automatic,P6K6XUPE4JRC43358
Dacia,Sandero,2013,179206990,58865,Electric,CVT,JENMTEPFLYCS16548
Xpeng,G9,2014,160671881,48768,E-85/Gasoline,CVT,GUFRZ3PW0K0E11156
Skoda,Kodiaq,2015,110633964,44471,Gasoline,Automatic,5PXAP2LCDB0P03692
Nio,ES6,2017,126821506,22614,Gasoline,Automanual,2PP8P3ZCPUFP44888
Volvo,XC40,2010,114520218,28502,Electric,Automatic,J8LF18XNJF0B23535
Buick,LaCrosse,2010,128807740,15042,Gasoline,Automatic,PMMPENJC2HK339828
Xpeng,P5,2014,159007649,52710,Gasoline Hybrid,Manual,EUPMAPTG19P969428
Audi,S5,2019,158492433,14023,Electric,Manual,CXLP4UMVUMSK60603
Opel,Crossland,2016,110172246,12010,Electric,CVT,KS4HPCSX4BXR03750
Lincoln,MKZ,2017,190994777,58342,Electric,CVT,8LP3PCAGRWPY71116
Lincoln,MKX,2012,145946603,56660,Ethanol,Automatic,SSLAF80DPUMA12459
Volkswagen,Up,2016,122269342,26345,Gasoline,Automanual,ZENN6NK5JPFP73822
Mercedes-Benz,E-Class,2013,189485632,50095,Electric,CVT,PCFMR72A2NRP52410
Seat,Arona,2019,107054963,35063,Diesel,Manual,RN7VXVPPPE0J07564
Ford,Fiesta,2016,147429715,31978,Diesel,Manual,00PY7BG46NDX74984
Nio,ES7,2012,156386017,13771,Ethanol,CVT,40PW0PRW04FJ30523
Honda,Civic,2018,140225550,30620,Compressed Natural Gas,Manual,8KNPEA11TPAP93766
Tesla,Model,2010,190787976,14180,Gasoline,Manual,D0GPNA0X79DP47365
Hyundai,Kona,2014,169670765,52107,Compressed Natural Gas,Manual,EKLE75M6MEMY74963
BMW,X5,2018,129465318,52944,Diesel,Automatic,NKPMP7VNA1MM77279
Mercedes-Benz,A-Class,2013,175655013,10545,Ethanol,CVT,PYBDVPPPL0PN80375
Lincoln,Navigator,2011,127135073,36330,Gasoline,Automatic,F6FPW1P0LP0L53052
BMW,X1,2012,175323116,20736,Compressed Natural Gas,Manual,VZU1R24HPGBZ00328
Lincoln,MKZ,2014,165203468,38433,Electric,CVT,BN7X6CPPNG0958767
Renault,Clio,2013,142344972,11854,Ethanol,Manual,ES8MPNW69NPV18681
Buick,Verano,2012,169306936,50632,Gasoline Hybrid,CVT,TPPP2LPLPCXW24100
Nio,EP9,2013,191735285,43066,Ethanol,Automanual,P35ENCRXNG0864529
Audi,A5,2010,143716687,29921,Gasoline Hybrid,Automatic,D2PPLR6LPPGH91392
Peugeot,308,2015,153438814,54904,Gasoline,CVT,CA9ABGUP6K0P37872
Renault,Twingo,2012,128239769,18155,E-85/Gasoline,Automatic,UM0RJHJU5PGA83757
Dodge,Charger,2019,129000630,12106,Gasoline,CVT,MHGKLPE5HNPM00846
Lincoln,Navigator,2015,184094153,59945,Electric,Automatic,PTPZNUPPTY0P38616
Buick,LaCrosse,2011,119669758,32496,Compressed Natural Gas,CVT,P9HJ7ALPR0BN59770
Hyundai,Tucson,2016,129474955,43754,Compressed Natural Gas,CVT,PT5PU5H6BMN370368
Kia,Niro,2014,101933368,59606,Ethanol,CVT,W5KD8PB6HFA633691
Nio,ES6,2019,146201972,16575,Gasoline Hybrid,CVT,EXU7ALSYLLJC50261
Nio,ES6,2013,118444240,29619,Diesel,CVT,PBA2AM7TW0Y257852
Peugeot,3008,2010,131708145,34409,Diesel,CVT,PL516CPNBPK763714
Citroën,C3,2014,179343730,51093,Electric,Manual,MLV4GJAYVPAJ77662
Fiat,Panda,2018,199255602,54420,Gasoline Hybrid,Manual,RP0TP5RN9PZP35956
Dacia,Spring,2012,151936037,37806,E-85/Gasoline,Manual,MKD8KMCPPNNT32083
Tesla,Model,2020,194864427,44259,E-85/Gasoline,CVT,PEEP83PPPXFP68977
Tesla,Roadster,2013,150240160,15691,Gasoline Hybrid,Automanual,KKJP2LPJPPVP23456
Fiat,500,2013,124460560,41097,Gasoline Hybrid,Automatic,P8JE0MBMW4EP20145
Hyundai,i10,2014,116821814,53996,Gasoline,Automanual,LYU2R9L4AN0L34211
Skoda,Kodiaq,2014,146915586,23793,Diesel,Automatic,PXRTPLYZPMPP39752
Seat,Leon,2013,166625235,32234,Diesel,Automanual,P46H8PP8860D04105
Fiat,Tipo,2012,164461000,45055,Gasoline Hybrid,Automanual,FDE19K1K9T0Z09916
Audi,S5,2016,188085972,52737,Diesel,Automatic,MYLMHMUMVLMW92978
Toyota,Yaris,2018,138060995,28986,Gasoline Hybrid,Automatic,1P1TPG73A0W444218
Renault,Clio,2010,194240714,54301,Gasoline,CVT,DPPWBMFPXWDN58678
Volvo,V90,2019,130769541,28233,Electric,Automatic,PFNP8PM1L7HM55377
Citroën,C3,2017,151145055,18363,Gasoline,Manual,2LMRH7CPHL0165558
Kia,Ceed,2014,154138027,58670,Electric,CVT,PG9BK00SJ80H40156
Volvo,V60,2020,158459136,18437,Gasoline Hybrid,Manual,PPWYH3KPWN0688904
Honda,Odyssey,2014,148600556,36444,Gasoline Hybrid,Automanual,8XCK4LPGPDPC63157
Dodge,Durango,2012,102387190,53890,Diesel,Manual,X75FLMD7PPCE18697
Xpeng,P5,2013,137473155,48739,Gasoline Hybrid,Manual,55CPK9RPLPAU03587
Peugeot,108,2017,182333447,36564,Gasoline Hybrid,Automatic,P9PPTMJBPW0L47540
Lincoln,MKS,2019,138478680,25939,Electric,Manual,JF0SPJ1B3JWK34526
Nio,ES6,2019,123192046,12496,Diesel,Manual,TBFSPYVC7GPJ35901
Dodge,Charger,2020,134988941,42700,Gasoline,Manual,9JWKNJWGBLAP05200
Renault,Megane,2017,161301014,44212,Electric,Automatic,FRJJPTLPRKW768832
Mazda,CX-8,2015,157847398,48315,Diesel,Automanual,PX19PPS0PFSV15937
Mazda,BT-50,2011,165112965,41746,Electric,Manual,SPSPGSMBXDCP23236
Citroën,C3,2015,174182304,13148,Gasoline,CVT,1JHXYMXPVP0K87770
Audi,A5,2014,182058719,18646,Ethanol,CVT,PYXAJPPY4EP501999
Opel,Corsa,2011,115806131,43175,Electric,Manual,EAPD2TK8FNXK38725
BMW,X3,2019,115824600,15465,Gasoline Hybrid,Automanual,GZPBKPZFJB0781425
Nissan,Cube,2020,185974928,19198,Electric,CVT,R5L0PPP9PBC852023
Chevy,Malibu,2017,179428259,37422,Diesel,Automanual,KJLRPXKPP7PP65857
Mercedes-Benz,A-Class,2010,185707234,39741,Compressed Natural Gas,Manual,ZPDCNGN11ZL975244
Nissan,Micra,2019,186785044,29962,E-85/Gasoline,Automatic,FPRXGYHBPW0P35956
Skoda,Superb,2014,183613138,19669,Diesel,Automanual,AZ00PPT3FB0L55711
Toyota,Camry,2012,102215049,47172,Gasoline,CVT,JWKPABK9Y2JT88684
Volvo,V90,2012,177813473,49593,Gasoline Hybrid,Automanual,8PPPXGKPKJ0H97401
Buick,Enclave,2018,156112106,16332,Ethanol,CVT,0CL1U7JF0M0F24831
Lincoln,Navigator,2020,179148893,25065,Gasoline Hybrid,Automanual,RMPHDDVNNRCP26863
Audi,A7,2014,125798444,28137,Gasoline,Automatic,BREY6SANCPLK36128
Tesla,Model,2016,157626989,41128,Compressed Natural Gas,Manual,1CEJMPP2MHNJ06279
Mazda,BT-50,2012,188741702,17280,Ethanol,Manual,0PPCD2KHKPPT29729
Dacia,Sandero,2013,129362132,21275,Gasoline Hybrid,Automanual,8AHPPB3PPPFP33219
Peugeot,208,2019,164842613,56491,Ethanol,CVT,BJ0DPAPHCPPP62194
Fiat,Tipo,2014,105629141,48209,Gasoline Hybrid,Manual,NP67CP9GBHNP34342
Nissan,Rogue,2015,111593536,11503,Compressed Natural Gas,CVT,3UTVMTNLPPAZ31314
Skoda,Octavia,2017,181362915,43123,Compressed Natural Gas,Automanual,9DAP39UJKCPS41030
Citroën,C4,2016,148018601,50772,Electric,Automatic,PPVTSP5PL7KL19024
Chevy,Silverado,2010,130258941,52074,Gasoline Hybrid,Manual,7MPJWY6P08HK67725
Tesla,Model,2011,137233492,37116,Electric,Manual,9SH8LTKYW4PP96850
Peugeot,508,2017,154161127,13805,Ethanol,CVT,1J9E9DNBB60Z10357
Nio,ES6,2011,134819522,27045,Diesel,CVT,FCNPH9MXNPRE81701
Peugeot,2008,2013,120890788,57591,Diesel,CVT,60WDMFFZPKLP88635
Volvo,C40,2013,118159823,44120,E-85/Gasoline,CVT,JE6PLAL5GRPP68115
Mazda,CX-9,2014,118794963,23069,Compressed Natural Gas,Automanual,PM5JPF0KKLJ887670
Dodge,Charger,2015,147201795,12128,Gasoline,Automatic,LKE6PJ4VXGKP05982
Mercedes-Benz,B-Class,2011,124324071,18226,Ethanol,Automatic,PPVZPLRPNPPJ45767
Mazda,CX-5,2020,117262219,42496,Gasoline,CVT,UHKPZUPCKSZJ51907
Lincoln,MKZ,2015,199767119,48867,Gasoline Hybrid,Manual,JCPEEYAPETEE14812
Peugeot,408,2016,100560584,48536,Gasoline,Automanual,FD2NP1UNPPRV86522
Opel,Corsa,2010,100050182,39619,E-85/Gasoline,CVT,8PPWDKJXPP0P79098
Ford,F150,2019,127040732,14403,Gasoline Hybrid,Automanual,4TZBZRZ30DPF57419
Honda,Civic,2018,134008611,25683,Ethanol,Manual,MXXD2V0LUP0B88972
Skoda,Kodiaq,2010,155933341,38374,Ethanol,CVT,DXPS9BPJ5FUC48128
Peugeot,308,2016,171382118,13844,Diesel,Manual,BS1CYHMXG6LJ87512
Buick,Encore,2018,197435339,21655,Diesel,Manual,5KPLPKNT0JPV37730
Ford,Focus,2016,168665813,29888,Diesel,Manual,THLLTRRHP6NA12036
Mercedes-Benz,C-Class,2017,149817744,42899,Diesel,Manual,XNRCTHN34LWV54636
Audi,A8,2019,186154713,38553,Gasoline Hybrid,Automanual,ZLPS1NEXGDMN89595
Honda,Civic,2019,127872387,32622,Gasoline Hybrid,CVT,RPRPP40PUPAG71339
Mazda,MX-5,2018,157168270,47423,Gasoline,Manual,TPCMPEPC2PPP85431
Buick,Verano,2014,179733960,14628,Ethanol,Automanual,2NSSVCP380LM81852
Lincoln,Navigator,2018,181991195,42918,Compressed Natural Gas,Automatic,C0R6ZVAPJN0F49352
Honda,Odyssey,2015,165208841,24199,Diesel,Manual,Z7L9NPFTPX0K62108
Buick,Riveria,2019,184332867,48469,Diesel,Automatic,8D89PUYR9WPK34567
Honda,Civic,2018,125847638,18440,Gasoline,Automatic,VP6F3USKP5FC35500
Lincoln,MKZ,2017,173598878,20799,Ethanol,CVT,LPPKGRPPFBEY93134
Hyundai,i10,2013,188550705,23059,Gasoline Hybrid,Automanual,61AMJLT43P0S87744
Renault,Twingo,2015,150061586,56719,Ethanol,Manual,PNPL8NMLAMEP32694
Honda,Civic,2016,143743308,38093,Gasoline Hybrid,Automanual,NC55LE1Y2PHM22904
Skoda,Kodiaq,2017,136223623,27916,Gasoline Hybrid,Automatic,0ETPPTJVLMPM04614
Mazda,CX-8,2017,156815310,12958,Electric,Manual,PPPPJNB5F30D81099
Nissan,Versa,2019,198468587,39942,Ethanol,Automanual,9FJKCPFSPPPP85091
Kia,Ceed,2020,197875726,58113,E-85/Gasoline,Automanual,HMPPDEA7MM0877061
Fiat,Panda,2016,198093306,56120,Electric,Automatic,PPPNPP6DRZKC78255
BMW,M5,2018,102210858,55620,E-85/Gasoline,Automanual,HBFZNPVEENJ086852
Mercedes-Benz,C-Class,2013,178394481,23703,Gasoline Hybrid,CVT,8P5FJPPTGWGJ98795
Hyundai,Kona,2014,143649766,10234,E-85/Gasoline,Manual,2LPFPKP5V8HP10244
Chevy,Camero,2015,119404179,57271,Diesel,Automanual,9PP1SPPTPPNW40564
Kia,Niro,2011,106991286,21446,Ethanol,Automatic,PLF06PFRUPPF17579
Mazda,CX-3,2011,121881376,32088,Gasoline,Manual,U2WEPPJLSFVL99423
Toyota,Yaris,2020,103490012,43119,Compressed Natural Gas,Automatic,NK2BGPAEEPVD55154
Xpeng,P7,2011,179925302,47359,Gasoline,Automatic,PKGEYNYPRN0615594
Renault,Twingo,2019,110783235,16044,E-85/Gasoline,CVT,G72PPPPPPZ0P12436
Chevy,Malibu,2013,105002161,21534,Electric,Automanual,7SFXPKMJ2KNP54995
Dodge,Durango,2016,103294661,26895,Compressed Natural Gas,CVT,NHTWLMSW9PJD51626
Dacia,Spring,2010,143734281,46485,Diesel,Automatic,H7JMADKLN5S072307
Dacia,Sandero,2020,144034802,13384,Diesel,Automanual,P1MP8GGP210K93057
Peugeot,3008,2012,150212795,43418,Ethanol,CVT,PLVPNS1PPSEF11716
Tesla,Model,2011,155120027,42861,Compressed Natural Gas,CVT,LYBPK69KP9SP62431
Lincoln,MKS,2010,188558783,30703,Gasoline,Manual,8TH7CVXBLPSR12120
Fiat,500,2015,159024681,40385,Gasoline Hybrid,Manual,X9TJBJCGRPKB59148
Volkswagen,Up,2015,147480988,23497,Diesel,Automanual,2LJ3KHPBUHJD23824
Hyundai,IONIQ,2013,125292813,46615,Gasoline,CVT,0MN6N6P6Z4JS58445
Nissan,Qashqai,2012,123295000,34568,E-85/Gasoline,Manual,F5PNG38FVUJ268668
Dodge,Ram,2015,123302855,41484,Compressed Natural Gas,Manual,LEP5GP43P3HB49878
Fiat,500,2019,187338904,14133,Gasoline,Automanual,6MVGFAPB48ED67655
Dacia,Sandero,2013,101097815,16062,Electric,Automatic,P7HLVMNYUVKT19110
Peugeot,308,2018,180386471,48425,E-85/Gasoline,Automatic,NCPBPPVPPA0P35503
Volkswagen,Tiguan,2020,165203801,21311,Gasoline Hybrid,Manual,0MSPTG2SP70P76724
Xpeng,G9,2010,187190849,46979,Ethanol,Automatic,F5LPHKPLK50F02493
Peugeot,2008,2010,128756308,10564,Compressed Natural Gas,CVT,P2F6J8LF5ET047774
Buick,Verano,2012,178776532,29002,E-85/Gasoline,Automanual,8D5PET1NVPLS29961
Fiat,500,2015,188324877,24978,E-85/Gasoline,Automanual,PNC6LPP8JJLJ12838
Lincoln,MKS,2015,153089047,43647,Gasoline Hybrid,CVT,PZD5FKSCPBPP93858
Fiat,500,2019,164018899,56410,Diesel,Automanual,2PCR25LPKJDP86637
Chevy,Malibu,2016,177814562,31556,Gasoline,Manual,PBPDNJDPGPKC19748
BMW,M5,2019,136510501,23583,E-85/Gasoline,Automanual,BLD4PESK5UKE64761
Volkswagen,Polo,2015,194794352,52043,Gasoline Hybrid,CVT,PX0U0PLEAPLK13500
Nissan,Micra,2017,186999591,36186,Diesel,CVT,PEFR5B4W9BDB33816
Dodge,Challenger,2010,114966451,45216,Gasoline,CVT,H7KY3NKW9JPY51864
Renault,Zoe,2018,187462320,20733,Gasoline,Automanual,PJUZM0PPPJHD06089
Nio,ES6,2019,148477339,15694,Ethanol,Automanual,NLXSJYPPMPBJ20986
Kia,Ceed,2017,120537603,26855,E-85/Gasoline,Automatic,ZTP5JJ8PWNA401888
Ford,F150,2018,172710922,25773,Compressed Natural Gas,CVT,PMFKPSYPUXAT61194
Seat,Ateca,2013,134664310,11568,Gasoline,Automanual,PAGR5PZAMHP276684
Citroën,C5,2013,141613122,19043,Gasoline Hybrid,CVT,NVTLXK3KAMNA15741
Kia,Sportage,2015,152453510,42111,Gasoline Hybrid,Manual,2U0AUKHRPNP666729
BMW,328i,2020,127299857,45125,Ethanol,Automatic,APLTF14TK40H39174
Tesla,Model,2019,160283954,30287,Compressed Natural Gas,CVT,PPL9PVXPFKJW63792
Kia,Picanto,2018,190909710,26106,E-85/Gasoline,Automatic,WPMMKZ97XELH14468
Mazda,CX-3,2018,124661139,56452,Gasoline Hybrid,Automanual,66KPDPP9EMCB09279
Toyota,Yaris,2015,190119516,27782,Gasoline,CVT,3UWB5JP9PRPL39328
Volvo,XC60,2012,142373636,59730,Gasoline,Manual,LZGR6PENHHP426556
Opel,Crossland,2012,106729615,36586,Ethanol,CVT,X267PHPPWJ0Y15694
Honda,CR-V,2014,126381924,44853,Gasoline,Manual,DR4TNBH0XPCP03804
Nio,ES7,2014,139338157,32591,Electric,Manual,L3PNBWZ29JUS19282
Lincoln,MKS,2015,134838823,32362,E-85/Gasoline,Automanual,LVDPPZGAP80A19430
Volvo,XC40,2013,157099867,53121,Gasoline,Automanual,CCBKPJKU4KKN01239
Nio,EC6,2011,133027678,11666,Ethanol,Manual,GMT4A27CM1NP91298
Volkswagen,Tiguan,2011,136688312,15863,Gasoline,Manual,APKJYYZ55WVE05495
Toyota,Prius,2014,147194080,37182,Ethanol,CVT,XPX4PPY3MMFU59371
Honda,Odyssey,2014,188303734,58467,Electric,Automanual,PPNS85P7PZZH50261
Hyundai,Kona,2016,178615592,58422,Ethanol,Manual,MPN1PEPJYGJC16364
Buick,Verano,2017,113896233,39376,Diesel,Automanual,UPTNLBPAATTH51896
Nissan,Qashqai,2020,104402615,46610,Ethanol,Automanual,HPLGNFTRELLG61675
Tesla,Model,2011,110971891,35044,Electric,CVT,PYPFMMT1LK0Z36921
Nio,ES8,2019,128302328,51747,E-85/Gasoline,Manual,PD9P1N41DPYY51846
Lincoln,MKX,2018,180258789,59339,Compressed Natural Gas,CVT,JCJMMGK19R0J77999
Tesla,Model,2012,118832875,45088,Gasoline,Automanual,4RPPMUMFPKPN35897
Peugeot,308,2012,181856985,32599,Gasoline,Automatic,PPPLPPHPFGNY57812
Honda,Accord,2015,120580654,23028,Gasoline Hybrid,CVT,PHPV6XMPLKPE51544
Chevy,Malibu,2014,104035214,47354,Gasoline Hybrid,Automanual,K7MSZ0YT8MPP85771
Volkswagen,ID.3,2016,128472864,25690,Gasoline,Automatic,LPNPNPH17R0B75344
Peugeot,308,2018,133783369,16037,Ethanol,Automatic,40Z5TWMNPSTP51448
Dacia,Spring,2014,101909285,44273,Compressed Natural Gas,Automatic,D6PP2MDVJUKY47168
Buick,Enclave,2016,129299531,25150,Diesel,Automatic,CDX6VPDPPPY697384
Chevy,Malibu,2016,155417948,31413,Gasoline Hybrid,CVT,P1FPUPY2XYB298620
Peugeot,308,2020,184162526,26613,Diesel,Automanual,1FY7HZN3PPUY67245
Volvo,V60,2017,171075655,25611,Ethanol,CVT,PV6NLU0PFPJP84764
Peugeot,108,2011,195761606,36712,Diesel,Manual,P1CPLU61R60P21306
Lincoln,Navigator,2013,101976370,32003,E-85/Gasoline,Automatic,BAPSPTPWPBCZ92990
Buick,LaCrosse,2013,184834133,57595,E-85/Gasoline,CVT,1DEBRPPEPW0344632
Seat,Ateca,2014,108114527,56987,Electric,Manual,6LC31FEM290P26291
Opel,Crossland,2017,106243447,19117,Electric,Manual,K67ZP0S3200F35098
Fiat,500,2016,131383613,53271,Electric,Manual,KPNNTJPYJL0554256
Honda,Civic,2010,175489391,55452,Compressed Natural Gas,CVT,CGJCLP3PPMNL03121
Volvo,S60,2019,110394164,42493,Compressed Natural Gas,Manual,PZPPCKPPMP0033348
Chevy,Camero,2019,166932513,32658,Ethanol,CVT,PMN2DKALBME962687
Opel,Astra,2016,144594897,15128,E-85/Gasoline,Automatic,X1PFD7JH2GKD84502
Kia,Ceed,2011,146528788,10620,Gasoline Hybrid,Manual,PMUEXR0VNP0U34954
Peugeot,308,2017,142386005,53195,E-85/Gasoline,CVT,1HBKPLGLP0P007200
Dodge,Ram,2014,124427931,44107,Gasoline,Manual,MLKANHABRD0144762
Citroën,C5,2019,164903150,39932,E-85/Gasoline,CVT,PNPPP67K1YPH92552
Honda,Odyssey,2019,118088634,53354,Gasoline Hybrid,CVT,4VED7SM1N7PL45509
Fiat,Panda,2019,169779759,15762,E-85/Gasoline,Automanual,4RM1PPAPG4H386274
Nio,ES8,2012,134250961,44633,Diesel,Manual,PRPZNGDPPMKJ21810
Opel,Astra,2019,124864375,45550,Compressed Natural Gas,Manual,YNPGPLDPGPBY45144
Skoda,Kodiaq,2011,166657031,42782,Ethanol,Manual,RPPJ31P8DPGW38184
Nio,ET7,2014,171107430,37704,Compressed Natural Gas,Automatic,JGUKDUYMAHB472920
Nissan,Micra,2019,108538891,41476,E-85/Gasoline,CVT,MPPLPN5LPPPM53811
Toyota,Corolla,2012,185739937,52987,Gasoline,Automatic,FXPCP7FFPGW231816
Buick,Enclave,2011,180448690,41302,Compressed Natural Gas,Manual,1N2UPGPS8YPC99113
Volkswagen,Golf,2013,140496995,20955,Gasoline,Automatic,1XNBPLZLSFFM45633
Chevy,Malibu,2015,156927341,33754,E-85/Gasoline,Automatic,TGAWKMY1JPPP79811
Citroën,C4,2020,190471599,51240,Ethanol,Automatic,HMP7EPGJ2PTK11799
Toyota,Corolla,2010,122365104,48318,E-85/Gasoline,Automanual,PEYMBTPFSM0719776
BMW,M3,2011,177270314,38588,Compressed Natural Gas,Automanual,PMG5WVLDRBF725740
Kia,Sportage,2013,121691072,33462,Diesel,Automatic,93KPPHPFEETP05160
Xpeng,P7,2015,197532893,49548,Diesel,Manual,P7Z7MVFW5PW780291
Nio,ET7,2011,114760333,50460,Electric,Automanual,P7P4ELPLM80S45343
Renault,Megane,2015,110283119,57257,Electric,Automanual,M1MHCPYY890X22396
Kia,Picanto,2017,161790322,47909,Gasoline,Automatic,ELP0T8N15Y0R12280
Honda,Civic,2016,114685850,53550,Gasoline,Manual,Z0MHFYPF4WNG53971
Volvo,S60,2010,129983768,30206,Compressed Natural Gas,CVT,NC3PXDWNPYJ781714
Audi,S5,2010,195948009,33788,Compressed Natural Gas,Automatic,K4P62BGUXPLE78182
Dacia,Sandero,2014,199511001,12099,Electric,Automatic,EXPX7TMPPMA641503
Seat,Ateca,2016,100867324,24552,Compressed Natural Gas,Automanual,5SFPPJ2PXRLK16283
Renault,Clio,2015,108748100,20967,Gasoline,Manual,BRKMPGMPRYP519231
Citroën,C3,2019,119380455,20530,Compressed Natural Gas,Automatic,7XAKBPDTAGAP75224
Fiat,Tipo,2019,107559613,36651,Diesel,Manual,PJ0KJM6PGPJP32254
Honda,Civic,2013,116073070,21276,Gasoline Hybrid,Automanual,HZP88FYPPDZX10619
Honda,CR-V,2019,160047948,47091,Gasoline Hybrid,CVT,PBN2PAAKCX0W88025
Mercedes-Benz,A-Class,2018,152374562,11111,Gasoline,Automatic,HBP5YXE2PG0V21806
Peugeot,508,2017,129254421,35170,E-85/Gasoline,Automatic,PPBPP7GBG0TM96776
Peugeot,108,2010,102415276,54730,Gasoline Hybrid,Automatic,APGAPPP3ANS408557
Audi,A8,2017,173295638,38898,Diesel,CVT,HU0LFPWL4NUA86081
Toyota,Yaris,2014,189873106,54049,Gasoline Hybrid,Manual,G0LKFPF9PSEP65273
Honda,Civic,2010,130180626,28871,Electric,Manual,KLY74TH42FNJ60612
Fiat,Tipo,2020,103476210,50997,E-85/Gasoline,Manual,6G89P7YPMPKP06531
Renault,Captur,2010,151106267,37342,Gasoline Hybrid,Manual,F9KCJ1PKTG0Z52864
Tesla,Roadster,2012,120624389,46481,Gasoline,Automatic,EAPMDDVTEP0X53684
Fiat,500,2020,169427291,41678,Diesel,CVT,3KLXUPN1LPHS08824
Lincoln,MKX,2011,189496433,12450,E-85/Gasoline,Manual,MPG058JH9LAR98733
Chevy,Camero,2018,169685509,47183,Ethanol,Automatic,B4MJ1RLF3KKD31612
Buick,Enclave,2015,137655853,57240,Electric,Manual,PPLHMPNJPFFM75663
Seat,Ibiza,2019,116083864,20371,Ethanol,CVT,ZBMPPPTNSNZP33255
Opel,Corsa,2010,183211524,21641,Electric,CVT,PTMBEUKXN0MG53321
Buick,Verano,2014,105218649,55006,E-85/Gasoline,Manual,ZFV7EHPTN00076004
Nio,ET7,2016,152749049,33950,Gasoline,CVT,S3WX1YPM6XEH66037
Citroën,C4,2011,124119346,23138,Gasoline Hybrid,CVT,STPNMPNPP5TN29621
BMW,X5,2011,137096737,46733,Electric,Automatic,87P0G0VGSEZB93282
Nio,ET7,2011,148588887,11089,Diesel,Manual,8MPLJMPLS2BM48024
Nio,ET5,2020,164077159,58543,Ethanol,Automanual,NE8L0APFUVHU75180
Seat,Ateca,2016,124503386,54111,Gasoline Hybrid,CVT,D6LNCPL3CPTB13236
Skoda,Enyaq,2012,102962195,15037,Gasoline Hybrid,Manual,EAEP2LR8B6E665226
Dodge,Challenger,2017,190928607,15713,E-85/Gasoline,Manual,P1LDMYLP4ZS558339
Skoda,Enyaq,2011,178904599,30376,Compressed Natural Gas,Automanual,JRUY6RMWLPR579112
Ford,F150,2011,134578505,27028,Gasoline,Manual,KPMHPM1PH1PY13888
Tesla,Model,2018,140919911,35813,E-85/Gasoline,CVT,HPEFPRSDBPPP51892
Hyundai,i30,2017,143132438,50265,Electric,Automatic,M0VSPPJT6K0K73972
Mercedes-Benz,B-Class,2012,186510819,37408,Compressed Natural Gas,Manual,PNS0K2PMMUDB00358
Xpeng,G3i,2020,162767816,52452,Gasoline Hybrid,CVT,P2PKP970FBNJ36347
Dacia,Duster,2014,126116517,21159,Electric,Manual,WPPRMLNSPYPD71050
Volvo,V60,2013,123673993,18508,Electric,Automatic,P7WVUP8MKPKC52403
Nio,ET5,2012,144444845,46594,Gasoline,Manual,E8WEMX29LPPP94133
Tesla,Model,2019,184126449,57286,Diesel,Automatic,0TE09VP693CV96423
Mercedes-Benz,B-Class,2016,109058113,47055,E-85/Gasoline,Automatic,PKTSC6JUS4RP00257
Nio,EP9,2014,183441553,54757,Compressed Natural Gas,Manual,3H3P7MP3YKAP50975
Ford,Puma,2011,142259833,55639,Electric,CVT,LGYE0RRKT7SW65069
Nissan,Cube,2014,121884724,33202,Electric,Automanual,FJPN9WPAMEPS68098
Honda,CR-V,2019,153180370,16138,Ethanol,Automatic,XRYN3PHRPKPP34752
Fiat,Panda,2014,169833719,23106,Compressed Natural Gas,Automatic,FWTXFKNPM3CS21772
Renault,Zoe,2015,146954173,38624,Gasoline Hybrid,Automatic,LW1HWB79BN0V69405
Ford,Fiesta,2013,113417629,56634,Gasoline,Automanual,9SSPENMAPSCN31531
Nissan,Altima,2010,122753666,14445,Gasoline Hybrid,Automatic,31XV8PTSNNAV60177
BMW,M5,2016,157344473,45731,Gasoline Hybrid,CVT,XLBATKAP1X0Y24458
Mazda,BT-50,2013,149400053,24900,Electric,Automatic,XADFNBMT2M0948668
Opel,Mokka,2017,176929622,18642,Diesel,CVT,PATWB4JHPH0P64404
Fiat,Panda,2014,197019079,33764,E-85/Gasoline,Automatic,RW5A1GPSPPFJ33210
Lincoln,MKS,2013,124356556,22058,Compressed Natural Gas,Automatic,PL3E5EGP8JPW63083
Dodge,Durango,2010,151681147,40566,E-85/Gasoline,Automatic,5491DCR4MMJK99768
Toyota,Corolla,2019,172402793,25123,Diesel,Manual,XXJ8EPKPAPFW79119
Xpeng,P5,2012,183932497,27568,Gasoline,Automatic,KGKHFPZWES0G39324
Volvo,S60,2019,109622340,29788,Gasoline Hybrid,Automanual,EXS6ZYPF93PA93880
Volvo,S90,2016,109989271,29196,Electric,CVT,N3NNMGG7PL0295522
Honda,Civic,2011,141979592,28096,E-85/Gasoline,Automanual,PKBLPPKY4KP177736
Buick,Regal,2014,185499972,18203,Gasoline,Automatic,CNG7JR6RXK0914608
Opel,Crossland,2011,158057010,45944,Diesel,Manual,54MFXX8HTHLP72083
Nissan,Rogue,2017,178849491,58830,Ethanol,Automanual,1LMP0P68JPNP58038
Xpeng,P5,2014,133693328,49945,Gasoline Hybrid,CVT,WS1LPPUK5Z0W00685
Volvo,V90,2017,113203112,14247,Compressed Natural Gas,Automanual,6KR60ZWYLP0J85915
Seat,Leon,2010,151073773,33441,Gasoline Hybrid,CVT,TP0DNP2VVP0M94179
Ford,Fiesta,2019,146552721,28929,Gasoline,Automanual,ZF32FN6JTRPP83901
Dodge,Charger,2015,196545163,42607,Gasoline,Automanual,CPGZM38XA00M50405
Volvo,S60,2017,179221022,54947,Electric,Automanual,0V63H03XKPP337287
